cafe_id,kakao_name,naver_place_id,review_order,review_text
C001,커스텀커피 역북점,1764797627,1,"음료, 디저트 맛있어서 좋아하는데
10시40분에 먹고있는 사람에게 와서 마감이 몇시라고 안내하는게 아니라 곧 마감이라 다 먹었으면 치워도 되겠냐고 하는게 맞나싶네요. 빈잔이면 모르겠는데 아직 남아있는 음료를 보고도 마감안내가 아니라 치워도 되냐고 하는카페는 처음봤네요"
C001,커스텀커피 역북점,1764797627,2,"라떼, 에이드 마시러 자주 옵니다!"
C001,커스텀커피 역북점,1764797627,3,"라떼를 좋아하는 사람에게 최고!
쾌적해서 좋아요
주차한적은 없지만 주차도 편하겠네요~~"
C001,커스텀커피 역북점,1764797627,4,"역북점 처음 온것도 아니고
계속 지나갈때마다 오는데
숙성된 우유맛으로 마시는데
다 섞어놓으셨더라구요.
저는 섞기전에 숙성된 우유맛을 좋아해서
마신다고 하였더니 어차피 받으시면
섞어서 마시는데 머가 문제이냐는듯
멀뚱멀뚱 쳐다만 보셨습니다.

밖으로 가지고 나왔다가
일부러 여기까지 들린게 아쉬워
전화로 다시 제조 해달라고 말씀드렸더니
그제서야 알겠다고 하시더라구요.

기분탓인지  새로 만들어준 음료맛도
전과 같지 않고 변한것 같은 느낌입니다.

직원분도 사장님도 응대도
다 아쉽네요."
C001,커스텀커피 역북점,1764797627,5,"안녕하세요~ 말씀드린것처럼 섞어놓은게 아니고 얼음 넣기전에 샷을 먼저 넣어드렸습니다
어차피 섞어드실꺼라 미리 샷을 넣어드리기도 합니다
원하시는대로 다시 음료 만들어 드렸습니다"
C001,커스텀커피 역북점,1764797627,6,"동네에 커스텀커피가 있어 가깝고좋아요
흑임자라떼 고소하고 아메리카노 끝맛이 쓰지않고
다시 찾게 되는맛 리뷰는 처음쓰네요"
C001,커스텀커피 역북점,1764797627,7,"어쩐지 가볍다 했더니 커피를 주다말았네요
라떼 5500원인데 채워 주지도 않고
무엇보다 커피가 미지근해요

받은지 5분도 안되어 마셨고,
컵홀더 안끼우고 왔는데도 1도 안뜨거웠어요
스팀때문에 양이 적은거라면 스팀이 너무 많은건 아닐지요"
C001,커스텀커피 역북점,1764797627,8,"안녕하세요~ 커스텀커피는 전 지점 정량으로 동일하게 제공하고 있습니다~ 주문후 픽업하는 시간까지 뜨거운 라떼의 스팀이 가라 앉아서 양이 적다고 느끼신것같아요~ 추운 날씨로 인해 커피가 빨리 식은건 아닐까 싶네요..
다음부터는 더 신경써서 해드리도록 노력하겠습니다!"
C001,커스텀커피 역북점,1764797627,9,"예전 오픈할때 방문하곤 오랜만 방문.
사장님은 안 바뀌셨다는데.....
예전 기억으로 주문한 흑임자크림라떼는
기억속에 남아 있는 그 크림 라떼는
아녔어요~"
C001,커스텀커피 역북점,1764797627,10,카페라떼와 흑임자라떼 맛있어요~~
C001,커스텀커피 역북점,1764797627,11,흑임자는 사랑이죠
C001,커스텀커피 역북점,1764797627,12,"커스텀커피 넘 맛있어요
이거먹고 스벅 안먹네요"
C002,카페만월경 용인명지대역점,1675991275,1,친구랑 잠깐  산책하다  차마시기 좋아요!
C002,카페만월경 용인명지대역점,1675991275,2,집앞이라 자주뽑아 먹는ㄷㅔ 커피 맛있어요^^
C004,밀크팜747,1070270722,1,"올해 첫 빙수! 너~무 맛있게  잘 먹었어요^^
작년과 스타일이 좀 변했는데  더 맛있어진 것 같아요♡
아이스크림이 너무 맛있어서  연유 없이도  너무   진하고 맛있어요😍
역시 빙수 먹다보면  커피가 생각나죠? ㅎ 밀크팜은 커피마시러도 당연히  오셔야 하는곳 ~ 
오늘도  친절한  사장님과 함께 맛있는 빙수먹고  잘 쉬다 가요❤️💚🩵🩷💚"
C004,밀크팜747,1070270722,2,"늘 이용해 주셔서 감사드립니다 ~^^
복분자 아이스크림도 새로 출시되었습니다.
추천드리는 메뉴입니다.오셨어 시식하셔도
되십니다~
늘 감사드립니다^^"
C004,밀크팜747,1070270722,3,"사장님 신메뉴 복분자  에이드 정말 진하고 맛있어요!
어디에서도  맛보지 못한 맛~^^, 특히 달지 않고 깊은 맛이나서 정말 추천합니다.👍👍👍
복분자 아이스크림은   두가지 맛이  조화를 이뤄   상큼하면서도 깊고 맛있는  맛이 나요 ㅎ ㅎ   어떻게 표현을 잘 못하겠네요. 복분자를 평소에 잘  먹는게  아니다보니  그런가 봐요🥰    사장님 신메뉴  good❤️🩷🧡💚💙🩵 꼭 드셔 보세요👍👍👍"
C004,밀크팜747,1070270722,4,"늘 좋은 펑가 감사드립니다^^
신메뉴도 맛있게 드셨다니, 감사할 따름입니다.
늘 맛있고, 건강한 메뉴로 보답해 드리겠습니다.
다시한번 감사드립니다~^^"
C004,밀크팜747,1070270722,5,"둔전에살아요소프트아이스크림먹고싶어서네이버검색해서찾아왔어요우유함량도높고 우유도최고좋은것을쓰더라구요저는입맛이까다로운데
제입맛에최고에요 올여름아이스크림최고집을찾았어요
또올께요맛있는아이스크림이자꾸생각날것같아요
감사한하루에요~~~^^"
C004,밀크팜747,1070270722,6,"멀리서 방문해 주셨어 감사드립니다~
늘 건강하고, 맛있는 맛으로 보답해드리겠습니다.
많은 소개부탁드립니다.
감사합니다."
C004,밀크팜747,1070270722,7,"주변에 지나가다 궁금해서 왔는데
우유맛이 찐하고 담백해요
인위적인 맛 없고 달지않은 아이스크림으로 
얘전에 벚꽃보러 갔던 울산 차리마을 근처에 농장이 있데요
내 가족을 생각한 아이스크림을 먹을려면 이곳으로~"
C004,밀크팜747,1070270722,8,"복분자아이스크림이  출시되었다고해서 신기해서 주문!
복분자과즙이 가득하고,시그니처아이스크림과 너무 너무
잘어울리고 맛있어요.달지않고,너무너무 건강한 맛!
히트칠것 같은 맛이에요. 복분자아이스크림  파는곳은 못본거 같은데 꼭 드셔보길 추천해요~~너~~무~~맛있어요"
C004,밀크팜747,1070270722,9,"늘 이용해 주셔서 감사드립니다.
많은 소개부탁드립니다.
건강하고 맛있는 복분자아이슥크림입니다.
감사합니다."
C004,밀크팜747,1070270722,10,"말차 아이스크림 먹을려고 왔는데 앞에 입간판을 보니까 갑자기 쑥인절미 아이스크림이 먹고 싶어서 주문했어요 결론부터 말하면 쑥떡 좋아하면 무조건 좋아할맛!
위에 인절미 떡도 적지 않게 올라가 있어서 인절미와 쑥의 조화를 오래 느낄 수 있고 아이스크림 자체도 맛있어요 처음에 손에 잡았을 때는 컵이 작지도 크지도 않았는데 먹다보니까 양이 꽤 많았어요 이거 진심 매일 먹고 싶다"
C004,밀크팜747,1070270722,11,오늘도 아주 맛있습니다 짱짱
C004,밀크팜747,1070270722,12,따로 요청드려서 초코베이스에 말차 아이스크림으로 주문했는데 초코가 아주 녹진하고 말차도 잘 어울렸어요
C004,밀크팜747,1070270722,13,오랜만에 와서 뭘 먹을까 하다가 최근 리뷰에 배요거트가 평이 좋아서 이걸로 주문했는데 후회없는 선택이었어요 배 맛이 강하지 않고 요거트랑 잘 어우러지고 식감도 좋았어요 280ml인데 요거트라 그런지 결코 적은 양이 아니었어요 가까웠으면 자주 올텐데 자주 못오는게 아쉽지만 올때마다 감동도 같이 먹고 갑니다
C004,밀크팜747,1070270722,14,"아이가 아이스크림을 너무 좋아해서 인공색소 없는 우유, 초코 아이스크림을 사서 먹는데 맛이 깔끔해서 좋아요👍🏻 원유 함유량도 높고 매일 아이스크림 기계 세척 및 관리를 하셔서 더 믿음이 가네요☺️👍🏻"
C005,홀홀베이크샵,2025484015,1,"역북에서 여기 안가면 진짜 바보예요..😫
저번 한번 근처 들렸다가 수원사는데도 이거 먹으러 여기까지 옵니다... 일단 넘버원 버터떡은 겉바속쫀 제대로구요 압구정 버터떡 유명하고 그런곳 다 이기는 맛이에요 서울 유명카페 ㄴㄴ 여기 버터떡이 훨씬 맛있구요
지금 망고가 당도가 미친때라 그런지 망고산도 진짜 맛있구요
명란마요 소금빵, 베이글, 두바이 등등 입아파요
그냥 믿고 드셔보세요 절대 후회 안하고 여기에 돈을 바치는 자신을 보게 되실거에요..
사장님 돈복에 앉으세요 ^_^🩷 폐업하지말아요🩷"
C005,홀홀베이크샵,2025484015,2,요즘 망고가너무땡겨서 산도먹으러왔어요!!빨리먹어보고싶어요 여긴 버터떡 맛집인데 두바이초코소금빵이랑 산도샀어요 ㅎㅎㅎㅎ
C005,홀홀베이크샵,2025484015,3,"네이버지도에 설명된 대로 오면 찾는거 엄청 쉬워요
매번 배달로만 시켜먹다가 처음 매장 방문했는데 친절히 대해주셔서 좋았어요
산도는 처음 사보는데 과일이 신선해보여서 기대됩니당😋"
C005,홀홀베이크샵,2025484015,4,진짜 다 너무 맛있고 다 먹어보고싶어요ㅠ 돈 많이 버세요🩶 버터떡 안먹으면 바보에요
C005,홀홀베이크샵,2025484015,5,"드디어 방문 했어요ㅠㅠ ,, 신메뉴 레몬글레이즈 올라간 소금빵 진짜 맛있어 보여서 또 와야겠네용"
C005,홀홀베이크샵,2025484015,6,늦게 가서 종류가 적었는데 넘 아쉬우ㅏ요 ㅠㅠ 사온 거 다 너무 맛있었거든오! 산도 꼭 드세요!
C005,홀홀베이크샵,2025484015,7,"망고산도!!!!!
너무 맛있어요!!!
모든 메뉴 도장 깨기 시작!"
C005,홀홀베이크샵,2025484015,8,와~~산도가 정말정말 맛있네요!얼마전에 도쿄에서 먹은 산도 보다도 더 맛있었네요. 좋은빵 쓰신다고 들었는데 그래서인지 일단 빵이 최고고..크림 망고도 너무 맛잇었습니다! 만삭 임산부 와이프도 너무 맛있어해서 사러 자주갈거같아요
C005,홀홀베이크샵,2025484015,9,"과일산도 찾으러 왔는데
왁뿌소금빵까지 구매할수있었어요
요즘 유행하는 디저트는 다양하게 있는것같아요 ㅎ"
C005,홀홀베이크샵,2025484015,10,늦게와서 먹고싶은건 다 나갔지만 여기는 다 맛있어서 남은거중에 골랐어요 ㅜㅜ 그래두 맛있게 잘먹었습니다~
C005,홀홀베이크샵,2025484015,11,"고객님 소중한 리뷰 감사드립니다 🙏
저희가 버터떡 1개를 덜 챙겨드린 걸 가시고 나서 알았어요 흑흑 죄송해요 🥲🥲🥲 언제든지 편한 시간에 들러주시면 챙겨드릴게요.. 꼭 들러주세요 🙏🙏🥹"
C006,달롱도르요거트아이스크림 역북점,1889295145,1,"사장님도 친절하시구 집 가까워서 종종 갈 것 같아용
안에 들어가는 토핑들이 하나하나 다 맛있어요"
C006,달롱도르요거트아이스크림 역북점,1889295145,2,"종류가 너무 많아서 사장님이 추천해 주신걸로 선택 했어요. 아이들이 너무 맛있데요.^^
달롱도르 👍"
C006,달롱도르요거트아이스크림 역북점,1889295145,3,"두번째 리뷰도 쓰게되네요..
여기 단골 될꺼같아요..
사장님도 친절하시고
서비스도 너무 많이 챙겨주시고 ..
애들도 좋아하고 저도 좋아해서 
자주 포장할꺼같아요^^!"
C006,달롱도르요거트아이스크림 역북점,1889295145,4,"원래 리뷰 잘안쓰는데 아이스크림도 맛있는데
그릭이 너무 맛있어요!!!♡"
C006,달롱도르요거트아이스크림 역북점,1889295145,5,배달만 시키다가 근처갔다가 포장했어요 가격대비 양도 많고 맛있어요
C006,달롱도르요거트아이스크림 역북점,1889295145,6,빙수 질려서 요거트시켜봤는데 맛있게 먹었어요
C007,브라운리퀴드,1224940488,1,"브라운 리퀴드 누가 크래커 너무 맛있어요!
3가지 맛 모두  가져갑니다❤️💚💙🩵💛🧡❤️"
C007,브라운리퀴드,1224940488,2,커피도 밋있고 바닐라라떼 진짜 맛있어요
C007,브라운리퀴드,1224940488,3,테이크아웃 했는데 매장이 넘 이뻐서 앉아있다 가고싶었네요. 커피도 맛있고 대만 누가크래커 있어서 너무 좋아요!! 맛있어요
C007,브라운리퀴드,1224940488,4,"서비스로 주신 비스켓이 맛있네요
스윗유자티는 맛이 좀 약해서 아쉬웠어요
매장이 깔끔하고 편안합니다.
오랜만에 왔는데 더 깔끔해졌네요"
C007,브라운리퀴드,1224940488,5,"조용하고 편해서 자주가요
커피가 진하진 않지만 맛있어요"
C007,브라운리퀴드,1224940488,6,오랜만에 방문했는데 여전히 브라운 리퀴드만의 분위기가 느껴져서 좋았어요☺️ 차분하고 따뜻한 곳이라 있다보면 힐링돼요. ㅎㅎ 조용해서 스몰톡하기 좋고 책 읽기도 좋늘 것 같아요! 서비스로 주신 대파크림비스킷?도 맛있었습니다! 케이크는 한 종류밖에 없어서 그게 조금 아쉬웠지만 음료는 맛있었습니다!
C007,브라운리퀴드,1224940488,7,"친구가 자주 방문하는 곳이라고 해서 갔는데 분위기도 좋고 무엇보다 바스크치즈 케이크가 진짜 맛있었어요!
케이크 때문에 자주 갈것 같아요🥹"
C007,브라운리퀴드,1224940488,8,"역북동에서 가장 애정하는 커피집이에요
커피랑 다른 차들 다 맛있어요
특히, 사장님이 직접 만드는 블렌딩 차가 끝내주게 맛있어요
인테리어, 분위기, 심지어 음악 하나 과한것 없이 너무 편안하고 좋아요
꼭꼭 숨겨두고 남편과 데이트할때만 오고싶은 카페에요
제 마음속의 숨은 보석같은 카페 1위에요♡"
C007,브라운리퀴드,1224940488,9,"애정하는 브라운리퀴드
차도, 디저트도, 분위기도 삼박자 모두 만족하는 카페에요
대만 쿠키? 너무 맛있어서 한 박스 챙겨갑니다ㅎㅎ
사장님 오래오래 운영해주세요♡"
C008,달다미로,1480248650,1,"1. 구움과자전문점
2. 너무 많은 과자를 구워놓고 판매하는 방식이 아니라 좋았음
3. 과자이기 때문에 과당/당/밀가루 같은 재료가 전혀 안들어갈 수가 없지만 건강한 재료와 원물을 사용하여 만든 과자라 좋았음"
C008,달다미로,1480248650,2,"와… 달다미로 구움과자는 정말 너무 맛있어요!
이번에 구움과자 다시 쟁여두면서 친한 분들께 나눠드렸는데 다들 너무 맛있다고 좋아하시더라고요!

요즘 유행하는 버터떡도 궁금했는데 여기서 판매하고 있어서 바로 먹어봤어요.
손으로 잡았을 때 묵직하고, 바삭하면서도 쫀득한 식감이 정말 맛있습니다 ㅎㅎ
커피랑 같이 먹으니 더더욱 기분 좋아지는 맛!!

가격도 괜찮은데 조금만 산게 후회되요
다 팔리기 전에 빨리갈게요~~ ㅎㅎ"
C008,달다미로,1480248650,3,에그타르트도 밀크 바닐라 뚱들렌도 너무 맛있어요! 역북동에서 구움과자는 달다미로가 최고!
C008,달다미로,1480248650,4,"에그타르트는 한 입 베어 무는 순간 붕어빵 먹는 것처럼 겉은 바삭하고 안은 달콤해서 너무 맛있었어요.

피칸파이는 굽기 정도가 정말 예술이라서, 그동안 꾸준히 먹던 단골 피칸파이 집이 있었는데 이제는 여기로 갈아타야겠다는 생각이 들 정도였어요. 사이즈도 대박!

스콘은 원래 딸기잼을 꼭 찍어 먹는 편인데, 이미 크림이 들어가 있어서 따로 곁들이지 않아도 충분히 맛있었고요.

특히 아이가 스콘을 정말 좋아해서 놀랐어요. 전반적으로 하나하나 다 만족스러운 구성이라 또 사러 갈게요 :)"
C008,달다미로,1480248650,5,너무 맛있어서 자꾸 먹게 돼요ㅠㅠ 에그타르트 파이가 페스츄리라 바삭하면서 고소하고 필링이 너무 달지도 않아 최고 맛있어요!
C008,달다미로,1480248650,6,"항상 친절하신 사장님이 너무 좋아요
선물받으셨던 분들이 맛있다고 좋아하셔서 여러번 방문했습니다.
선물포장도 이쁘게 해주셔서 감사합니다.
번창하세요~~"
C008,달다미로,1480248650,7,합리적인 가격에 맛이ㅆ는 디저트가 많아요
C008,달다미로,1480248650,8,"곶감단지 설선물로 준비하려고 왔어요 !
사장님 너무 친절하세요 :)"
C008,달다미로,1480248650,9,공룡월드 갔다가 간식으로 가볍게 먹으려고 구매했는데 촉촉하고 달지 않아 아이도 부담없이 잘 먹고 집에서 간식으로 또 먹었는데 맛있었어요😄 근처에 갈 일 있으면 또 갈 것 같아요👍
C008,달다미로,1480248650,10,"자주 사먹는 집이에요 오늘도 일하고 당 떨어져서
부랴부랴가서 사왔어요 !! 다른곳보다 퍼석하지도 않고 촉촉하면서 기름기 나오는 휘낭시에도 아니라 좋습니다 커피랑 먹으면서 일하면 너무 행복해요 ㅠ___ㅠ"
C008,달다미로,1480248650,11,"안녕하세요 고객님!
구매해주셔서 감사합니다>.<
부드러운 저희 휘낭시에 식감 좋아해주셔서 감사해요!!
촉촉하면서 바삭한 미니 호두피칸파이도 좋아하실 것 같아 추천드립니다,
다음에 또 방문 해주세요! 감사합니다!"
C009,꿀잼키즈룸 용인역북점,1298264758,1,"놀이터에서 놀다 미세먼지 심해서 급 예약했는데
밀폐된 공간임에도 공기가 쾌적한게 느껴졌구요
애들 따라다니느라 땀 범벅이었는데 부모도 잘 쉬어가요
날 더워지니 더 자주 찾아올게요^^"
C009,꿀잼키즈룸 용인역북점,1298264758,2,"안녕하세요, 고객님. 🍯꿀잼키즈룸 용인역북점🍯입니다. 리뷰 남겨주셔서 정말 감사합니다!!! 💗 따뜻한 봄이 반가우면서도 황사와 미세먼지 때문에 바깥놀이가 어렵지요🥲 그런 날에는 언제든 실내놀이터 꿀잼을 떠올려주세요✌🏻 그럼 다가올 다음 만남을 기다리겠습니다🙏 즐거운 하루 보내세요. 💛"
C009,꿀잼키즈룸 용인역북점,1298264758,3,"아이 방학이라 어김없이 꿀잼을 찾아왔습니다!
이제 꿀잼 건물만 지나가도 바로 알아채는 찐단골이에요ㅋㅋ
문 열자마자 뛰어들어가고 정리 위치까지 딱딱 기억해요~
그만큼 제가 안심하고 자주 찾는 곳이라는 뜻입니다 :)
오늘도 편하게 놀다가는데다 평일 페이백까지 해주시는데
사장님 남는게 있으신지 모르겠어요ㅜㅠ 더욱 번창하세요"
C009,꿀잼키즈룸 용인역북점,1298264758,4,"안녕하세요, 고객님. 🍯꿀잼키즈룸 용인역북점🍯입니다. 리뷰 남겨주셔서 정말 감사합니다!!! 💗 늘 잊지 않고 꿀잼을 찾아주시는 고객님🫶🏻 사진 속 뛰어가는 아이의 뒷모습에서 신난 얼굴이 그려지는데요?!🤭 믿고 찾아주시는 만큼 항상 재미있고 즐거운 공간이 되도록 노력할게요🫡 3월 평일에는 더 파격적인 페이백 이벤트 준비했으니 새친구들과 함께 꼭 놀러와주세요👌🏻 그럼 다가올 다음 만남을 기다리겠습니다🙏 즐거운 하루 보내세요. 💛"
C009,꿀잼키즈룸 용인역북점,1298264758,5,"이사오고 예전얼집 친구들을 만나기 위해서 예약했어요.
길을 좀 헤메느라 연락드렸는데 사장님 너무 친절하세요😍
덕분에 친구들 엄마들 모두 편안하게 놀다 왔습니다.
청소도 깨끗히 한다고 했는데 부족한 부분이 있었나 모르겠네요😭😭
다음에 또 방문 하겠습니다🧡"
C009,꿀잼키즈룸 용인역북점,1298264758,6,"안녕하세요, 고객님. 🍯꿀잼키즈룸 용인역북점🍯입니다. 리뷰 남겨주셔서 정말 감사합니다!!! 💗 스티커로 가려도 공주님들의 미모가 반짝반짝하네요✨️ 모임 장소로 저희 꿀잼을 선택해주셔서 감사드리고 뒷정리도 세심하게 신경써주셔서 더욱 감사드려요🥹 언제 들러도 즐거운 공간이 될 수 있도록 노력할게요🫶🏻 그럼 다가올 다음 만남을 기다리겠습니다🙏 즐거운 하루 보내세요. 💛"
C009,꿀잼키즈룸 용인역북점,1298264758,7,"이번에는 새학기 친구들과 놀러왔는데 더 즐거워하네요~
항상 안심하고 만족하는 놀이공간이 도보권에 있어서
애용하고 있습니다ㅎㅎ 오늘도 잘 놀다갑니다♡"
C009,꿀잼키즈룸 용인역북점,1298264758,8,"안녕하세요, 고객님. 🍯꿀잼키즈룸 용인역북점🍯입니다. 리뷰 남겨주셔서 정말 감사합니다!!! 💗 새학기 새친구와 함께 저희 꿀잼을 찾아주셨군요😚 항상 안심하고 만족하는 공간이라니 정말 감사합니다🥹 근처에서 모임이 있다면 언제든 놀러와주세요🥴 그럼 다가올 다음 만남을 기다리겠습니다🙏 즐거운 하루 보내세요. 💛"
C009,꿀잼키즈룸 용인역북점,1298264758,9,"아이 하원 후 독박육아 중에 저녁 해결차 급 방문!
아이가 늘 편하게 잘 놀아서 저도 좋아요 :)"
C009,꿀잼키즈룸 용인역북점,1298264758,10,"안녕하세요, 고객님. 🍯꿀잼키즈룸 용인역북점🍯입니다. 리뷰 남겨주셔서 정말 감사합니다!!! 💗 혼자 육아하는 날에는 육아동지 꿀잼을 떠올려주세요😊 언제 오셔도 한결같이 편하게 보내실 수 있게 노력하겠습니다👌🏻 그럼 다가올 다음 만남을 기다리겠습니다🙏 즐거운 하루 보내세요. 💛"
C009,꿀잼키즈룸 용인역북점,1298264758,11,직계만 모셔서 간단히 첫생일파티 해주려고 대여했어요 다른 아기들도 놀면서 즐길수있었고 너무 만족스러운 아가생일파티였어요 !  돌잔치 하려고 문의드렸었는데 기억해주시고 선물까지 준비해주신 센스만점 사장님 너무감사합니다 덕분에 예쁜사진도 많이건졌어요 ❤️
C009,꿀잼키즈룸 용인역북점,1298264758,12,"안녕하세요, 고객님. 🍯꿀잼키즈룸 용인역북점🍯입니다. 리뷰 남겨주셔서 정말 감사합니다!!! 💗 어머어머 사진 퀄리티가 스튜디오급인데요👏🏻 가려진 얼굴이어도 아이의 예쁜 표정이 상상되서 절로 미소가 지어집니다🎀 특별한! 무려 첫!!! 생일에 저희 꿀잼을 선택해주심에 제가 더 큰 영광이었어요🫶🏻  오시기 전에 이것저것 챙겨두긴 했는데 부디 불편함 없이 즐거운 시간 보내셨길 바라고요🥹 돌끝맘이 되신 것을 축하드리고 앞으로 더욱 행복길만 걸으시길 기원합니다☺️ 그럼 다가올 다음 만남을 기다리겠습니다🙏 즐거운 하루 보내세요. 💛"
C009,꿀잼키즈룸 용인역북점,1298264758,13,놀거리 정말 많고 한눈에 아이들 노는걸 다 볼수 있어서 엄마도 쉬기 편한 곳이에요^^ 사장님도 너무 친절하세요
C009,꿀잼키즈룸 용인역북점,1298264758,14,"안녕하세요, 고객님. 🍯꿀잼키즈룸 용인역북점🍯입니다. 리뷰 남겨주셔서 정말 감사합니다!!! 💗 뒷모습만 봐도 정말 귀여운 꼬마손님이 다녀가셨네요🥹 칭찬 감사드리며 언제 오셔도 편안한 공간이 될 수 있게 최선을 다하겠습니다🫡 그럼 다가올 다음 만남을 기다리겠습니다🙏 즐거운 하루 보내세요. 💛"
C009,꿀잼키즈룸 용인역북점,1298264758,15,"날씨는 풀렸는데 이놈의 미세먼지때문에ㅜㅜ
바깥 놀이터에서 놀다가 급히 예약했어요ㅋㅋ
아이들 놀면서 옆 돈까스집에서 식사도 해결하고
커피 배달로 수다떨고 집에 가면 너무 편해요~~"
C009,꿀잼키즈룸 용인역북점,1298264758,16,"안녕하세요, 고객님. 🍯꿀잼키즈룸 용인역북점🍯입니다. 리뷰 남겨주셔서 정말 감사합니다!!! 💗 기온은 오락가락 변덕스럽고, 황사와 미세먼지가 기승인 요즘...🥲 실내놀이터 꿀잼은 언제나 고객님을 기다리고 있답니다😊 이번에도 편안하게 잘 놀다 가신 것 같아서 다행이네요💋 그럼 다가올 다음 만남을 기다리겠습니다🙏 즐거운 하루 보내세요. 💛"
C009,꿀잼키즈룸 용인역북점,1298264758,17,"소아과 진료 대기하다 텀이 길어서 급하게 들렀어요ㅎㅎ
짧은 시간이어도 아이랑 단둘이 이용하니 너무 편해요ㅜㅠ
추운 날씨에 어디 갈곳도 마땅찮은데 따숩게 잘 놀다갑니다!"
C009,꿀잼키즈룸 용인역북점,1298264758,18,"안녕하세요, 고객님. 🍯꿀잼키즈룸 용인역북점🍯입니다. 리뷰 남겨주셔서 정말 감사합니다!!! 💗 워낙 추운 용인의 요즘이라 갑자기 들르셔도 따뜻하게끔 온습도 관리에 많이 신경쓰고 있습니다🤭 단둘이 이용하면 대관의 매력을 제대로 느끼실 수 있지요😏 그럼 다가올 다음 만남을 기다리겠습니다🙏 즐거운 하루 보내세요. 💛"
C009,꿀잼키즈룸 용인역북점,1298264758,19,"급 예약하고 와도 늘 깨끗해서 좋아요
평일이라 연장 서비스까지 받으니 더 이득👏🏻
춥다고 이것저것 신경써주셔서 감사했고
아이와 따뜻하게 잘 놀다갑니다❣️"
C009,꿀잼키즈룸 용인역북점,1298264758,20,"안녕하세요, 고객님. 🍯꿀잼키즈룸 용인역북점🍯입니다. 리뷰 남겨주셔서 정말 감사합니다!!! 💗 용인 지역의 대폭설로 엄청 걱정했는데...  따뜻하게 잘 놀다가셨다니 정말 다행이에요🥹 급하게 방문하셔도 언제나 최적의 매장 퀄리티 유지할 수 있도록 노력할게요🫶🏻 그럼 다가올 다음 만남을 기다리겠습니다🙏 즐거운 하루 보내세요. 💛"
C009,꿀잼키즈룸 용인역북점,1298264758,21,"안녕하세요, 고객님. 🍯꿀잼키즈룸 용인역북점🍯입니다. 리뷰 남겨주셔서 정말 감사합니다!!! 💗 그럼 다가올 다음 만남을 기다리겠습니다🙏 즐거운 하루 보내세요. 💛"
C009,꿀잼키즈룸 용인역북점,1298264758,22,"안녕하세요, 고객님. 🍯꿀잼키즈룸 용인역북점🍯입니다. 리뷰 남겨주셔서 정말 감사합니다!!! 💗 새해 첫 날 의미있는 방문해주셔서 감사드려요☀️ 그럼 다가올 다음 만남을 기다리겠습니다🙏 즐거운 하루 보내세요. 💛"
C009,꿀잼키즈룸 용인역북점,1298264758,23,"안녕하세요, 고객님. 🍯꿀잼키즈룸 용인역북점🍯입니다. 리뷰 남겨주셔서 정말 감사합니다!!! 💗 꿀잼키즈룸 용인역북점이 가진 장점을 쏙쏙 골라주셔서 기쁘네요🥹 그럼 다가올 다음 만남을 기다리겠습니다🙏 즐거운 하루 보내세요. 💛"
C009,꿀잼키즈룸 용인역북점,1298264758,24,"안녕하세요, 고객님. 🍯꿀잼키즈룸 용인역북점🍯입니다. 리뷰 남겨주셔서 정말 감사합니다!!! 💗 다가올 다음 만남을 기다리겠습니다🙏 즐거운 하루 보내세요. 💛"
C009,꿀잼키즈룸 용인역북점,1298264758,25,"안녕하세요, 고객님. 🍯꿀잼키즈룸 용인역북점🍯입니다. 장시간 이용해 주시고 리뷰까지 남겨주셔서 정말 감사합니다!!! 💗 그럼 다가올 다음 만남을 기다리겠습니다🙏 즐거운 하루 보내세요. 💛"
C010,반달커피 역북점,1955557327,1,커피가 캔 으로 나와서 오랜시간 상온에 있어도 시원해서 좋아요! 용량도 크고 금액도 요즘 카페에비해서 저렴하고 맛있습니다 종종 애용하겠습니당~^^
C010,반달커피 역북점,1955557327,2,사장님 친절하시고 음료도 맛있어요
C010,반달커피 역북점,1955557327,3,넘 친절하시고 음료도 완전 맛있어요.. 여기서 자주 먹습니다.
C011,더벤티 용인역북점,1482036986,1,"나이가 있으신 남자 사장님(?) 매우 불친절한 느낌을 받았음
요청 하는거에 답변도 없고 그러실거면 무인으로 하시는게 나으실듯"
C011,더벤티 용인역북점,1482036986,2,역시 가성비 좋은 더벤티 ~ 가성비 좋은 카페찾는다면 이곳만한곳이없죠 테이블도 적당히 있고 청결상태가 너무좋은것같네요~ 굿굿
C011,더벤티 용인역북점,1482036986,3,역시 가성비 좋은 벤티~ 저렴하게 커피한잔하고싶을때 방문하는곳 공간이 협소한편이지만 잠시 들러서 쉬고가기에는 문제 없네요~
C011,더벤티 용인역북점,1482036986,4,"커피 양도 많고, 진하고 향이 훌륭합니다^^👍 아침이라 그런지 조용하고 쾌적해서 기분이 좋았어요! 주문한 아메리카노도 빨리 나오고 안내도 친절하게 해주셔서 감사했어요~🩷💕"
C011,더벤티 용인역북점,1482036986,5,👍 카페라떼 자주 먹는데 좋아요
C011,더벤티 용인역북점,1482036986,6,더벤티 처음 가봤는데 빨대가 예쁘네요.
C011,더벤티 용인역북점,1482036986,7,가성비 👍굿이예요!!
C011,더벤티 용인역북점,1482036986,8,가성비 👍
C011,더벤티 용인역북점,1482036986,9,"#더벤티 용인역북점
>>더벤티카페는 처음가본거 같에요.
주문할때 원두선택하는게 있던거 같은데~
제가 평상시에 먹던 커피맛하고 너무 달라 좀 당황했네요.ㅎ
이제는 무슨 원두로 커피를 먹는지도 알아야 되겠어요.ㅎ😅"
C013,요거트월드 역북점,1787771281,1,"너무 예쁘게 담아주셨어요🥹🥹
사장님 친절하시고!! 아이스크림도 맛있어요-!!
자주 오거나 배달로 많이 먹을거같아요 감사해용"
C013,요거트월드 역북점,1787771281,2,춘식이 딸바베리월드 완전 강추예요:) 딸기 요거트아이스크림은 완전 중독적인 맛이에요~ 딸기도 신선하고 설향딸기 컬렉션인것 같은데 꼭 한번 두번 세번 드세요♡
C013,요거트월드 역북점,1787771281,3,드디어 시작된 딸기시즌!! 요거트월드 춘식이와 함께하는 딸기메뉴 딸바베리월드! 신선하고 달달한 설향생딸기 토핑과 설향딸기를 담은 설향딸기 요거트 아이스크림 정말 맛있어요! 다음번에는 메리말차월드를 먹어볼려구요!
C013,요거트월드 역북점,1787771281,4,친절해요✨
C013,요거트월드 역북점,1787771281,5,남자친구랑 잠깐 추위도 피할겸 음료하나씩만시켰는데도 음료랑 같이 먹으라고 하시면서 쿠키도 주셨어요 너무 친절하신 사장님이 계셔서 기분좋게 먹고 갈수있었어요!
C013,요거트월드 역북점,1787771281,6,"요거트에 꿀이 많이 달지 않고 정말 잘~어울려요
포장도 깔끔하고 친절해요~~"
C013,요거트월드 역북점,1787771281,7,"술 먹고나서 혹은 식사 하고나서 달달한 거 끌리는데
저당 아이스크림을 출시했다고 합니다 ! 그것도 제가
좋아하는 초코맛으루🍫..

민초단은 저당 딥초코민트월드로 도전해봤는데
양치의 필요성을 못 느낄 정도로 입 안 가득
화하고 시원함이 차오르더라고요 ㅎㅎ 토핑도 듬뿍
들어있어 식감도 더해주고 죄책감 없이 시원하고
달콤한 아이스크림을 먹을 수 있다는게 좋네요🍧

이제 곧 무더운 여름인데 홀에서 취식할 수 있다는 점도
메리트 있다고 생각하고 요거트아이스크림에 취향껏
토핑 올려 내 맘대로 커스텀도 가능하다고요 ! ☺️

달지만 칼로리 때문에 못 드셨던 분들은 요거트월드
역북점에서 다양한 토핑과 함께 시원한 여름나세용 ~"
C013,요거트월드 역북점,1787771281,8,"요거트 아이스크림  에  이것저것  추가해 먹는  재미인데  있는거 토핑 다  올리면  가격 후덜덜 하고요.
집에  있는 재료  생각하며  빼고 .더하고.

시원하게  맛있게  잘 먹었습니다"
C013,요거트월드 역북점,1787771281,9,"양이 많아요 
아직도 먹고 있는데 아직도 맛있어요 ☺️"
C015,컴포즈커피 용인명지대점,1183157490,1,신메뉴 맛있게 잘 먹었어요.
C015,컴포즈커피 용인명지대점,1183157490,2,매장 깨끗하고 친절하세용!!
C015,컴포즈커피 용인명지대점,1183157490,3,이벤트해서 먹었어요 구수한 초콜릿맛이에요
C015,컴포즈커피 용인명지대점,1183157490,4,"오레오생크림와플과 핫아메리카노 구입
커피는 맛있는데
와플때문인지 너무 오래 걸렸어요.
휴 제일먼저 갔는데 제일꼴찌로 나왔어요. 😔 
그럼에도 불구하고 와플은 별로였어요"
C015,컴포즈커피 용인명지대점,1183157490,5,친절하세요😁
C015,컴포즈커피 용인명지대점,1183157490,6,쿠폰을 선물받아서 먹었어요~ 맛있어요😆
C016,몬데랜시,1830017295,1,"선물 받아서 버터떡 먹어 보고 맛있어서 방문!

버터떡 겉에 설탕이 묻어 있어서 바삭하고
연유없이 먹어도 맛있다. 

겉바속쫄한 식감에 까눌레 같은 바삭함!

가격도 좋음!!
프랜차이즈 버터떡 먹고 실망한 마음
몬데랜시에서 치유받음. 

휘낭시에도 전에 받아서 먹어봤는데
휘낭시에도 맛집!"
C016,몬데랜시,1830017295,2,"가끔갑니다. 디저트가 맛있어요♡
커피향도 좋구요~ 오늘은 커피를 넘 많이 마셔서 진저레몬티로~~~대신합니다:)"
C016,몬데랜시,1830017295,3,요기 디저트 다 맛있어요!! 바치케 넘 맛있구 사장님도 친절하세요💗
C016,몬데랜시,1830017295,4,"항상 휘낭시에 맛있게 잘 먹고있어요!!
사장님도 친절하시고, 디저트 너무 맛있습니다~"
C016,몬데랜시,1830017295,5,"라떼도 휘낭시에도 맛있어서 자주가는 몬데랜시!
디저트랑 커피 찾을때 늘 생각나요!!"
C016,몬데랜시,1830017295,6,이른 아침에도 불켜고 준비하시는걸 봤어서 궁금했는데 드디어 먹어봅니다 휘낭시에가 크기가 아주 큼직해요. 겉바속촉보다는 부드러운 느낌이 강한데 크럼블 식감 좋아요♥️ 맛도 진해요 ~
C016,몬데랜시,1830017295,7,"호주식 아이스커피와 히비스커스, 초코 무스케이크를 주문했습니다 
쓴 걸 못 먹는 친구가 커피를 주문했는데 입맛에 맞게 시럽을 추가해주셨어요 🥺
너무 친절하신 사장님 덕분에 좋은 시간 보내다 온 것 같아요
분위기 예쁘고 달달한 디저트를 드시고 싶은 분들은 추천드려요!!"
C016,몬데랜시,1830017295,8,"그동안 테이크아웃해서 먹다가 오랜만에 방문해서 먹었는데 역시나 매장도 아늑하고 커피도 너뮤 맛있어요😚
딸기말차라떼 맛이 상상이 안되었는데 당도가 딱 좋아서 말차두유라떼랑은 다른 매력으로 완전 맛있았습니다…❤️💚"
C016,몬데랜시,1830017295,9,"바스크치즈케잌,딸기케잌 포장해서
맛있게 먹었습니다."
C016,몬데랜시,1830017295,10,감사감사합니다. 언제든지 또 방문해주시고 아는척 해주시고요 :))) 즐거운 하루 보내십셔~!
C016,몬데랜시,1830017295,11,감사합니다~!! 좋은하루되세요 :)
C016,몬데랜시,1830017295,12,감사감사감사합니다~!! 좋은하루되세요 :)
C017,공차 용인역북점,1742653002,1,더운날 시원한 버블티 마시니 행복합니다 ㅋ
C017,공차 용인역북점,1742653002,2,여긴 정말 맛있죠. 망고 스무디 최고
C017,공차 용인역북점,1742653002,3,"정말 좋아하고 자주가던 매장이였는데,
아쉬워서 고민하다 적어요.

직원분들이 예전이랑 비교하면 바빠서 그런지 안친절해요..........

네이버에 영업시간은 10시반이라고 적혀있는데, 
이제 10시로 바뀐건지... 유동적인건지 알수가 없네요.

이 점에서 비롯한 직원과 마감시간 바뀐지 모르고 온 손님의 입장차이도 있는거같아요.

마감시간을 네이버에 바꾸시거나 입구에 공지해주시면  양쪽 모두에게 좋을꺼같아요."
C017,공차 용인역북점,1742653002,4,"타로쥬얼리시끄니처밀크티 당도70% 개꿀맛~!
당이 땡긴날 먹어서 그런지 넘 맛있네요 캬캬~~"
C017,공차 용인역북점,1742653002,5,블랙밀크티+펄 최고의 조합👀👍🏻
C017,공차 용인역북점,1742653002,6,티 멤버십 행사로 1+1 구매해요
C017,공차 용인역북점,1742653002,7,kt할인 좋아요
C018,러블리파이마카롱,1204840219,1,"이번에는 선물용 구매를 위해 방문했는데요, 타르트를 추천해주시더라구요! 이쁜색상으로 포장해주셔서 선물받으신 분이 너무 좋아하셨답니다!😄 매번 사먹기만하다가 선물용으로 구매했는데 만족스런 구매였어요~🤗
(추가로 다쿠아즈는 제 입에 양보해줬어요ㅎㅎㅎ)"
C018,러블리파이마카롱,1204840219,2,"여동생과 딸과 점심을 먹고, 요즘 두바이쫀득쿠키에 이어 버터떡이 유행이라며 딸 단골 맛집에 꼭 한번 가보자고 해서 다녀왔어요. 사장님 내외분도 정말 친절하시고 분위기도 좋았어요.

버터떡은 한입 먹는 순간 고소한 버터 풍미가 먼저 퍼지고, 쫀득한 떡 식감이 그 맛을 부드럽게 감싸줘서 정말 매력적이었어요. 은은한 단맛과 짭조름한 버터 향이 잘 어우러져 계속 손이 가는 중독적인 맛이었습니다 😊 지금도 계속 생각나네요!"
C018,러블리파이마카롱,1204840219,3,"매년 스승의날 앞두고 학원 선생님들께 드리는데
정말 좋아하세요♡ 청포도,딸기,블루베리 다 신선하고
타르트가 덜 달고 식감도 맛도 좋아요! 무엇보다 사장님부부가 정말 친절하세요~ 맛보라고 주신 버터떡도 겉바속촉쫄깃 정말 맛있어서 담엔 버터떡도 사먹으러 갈게요^^ 늘 맛있는 디저트 만들어주셔서 감사합니다.역북동에서 번창하세요~♡"
C018,러블리파이마카롱,1204840219,4,"몇 번 왔는지 기억도 안나는 역북 최고 디저트집👏

-얼그레이 마카롱/레몬마카롱은 꼭 드셔보시고
제 요즘 최애는 “라즈베리 마카롱”❤️

타르트도 과일이 항상 신선해요!
-레몬치즈타르트 🍋
-딸기타르트🍓
-초코타르트🍫

기본에 충실한 디저트 맛집입니다,,,신선하고 친절하시고
너무너무 따듯한 곳이에요 

두쫀쿠도 너무 맛있고…🥹❤️올 수 밖에 없어용

오래오래 번창하셨으면 합니다 ㅠ❤️❤️"
C018,러블리파이마카롱,1204840219,5,"2026년 첫방문! 오랜만에 가서인지 요즘 핫한 두바이쫀득쿠키가 있더라구요!☺️ 보이자마자 구매했답니다! 다쿠아즈도 당연히 먹구 예쁘게 포장도 해주시구 여전히 친절하신 사장님들❤️
두바이타르트에 이어 두쫀쿠도 역시나 쫀득하니 맛있었습니다~조만간 또 방문할 예정!👍"
C018,러블리파이마카롱,1204840219,6,"지인들과 마라톤을 뛴 후 식사하고 갔습니당~! 너무 친절하시고 디저트도 너무 맛있습니당~!
시간될 때 또 들려서 디저트 먹고 싶어요~~!!"
C018,러블리파이마카롱,1204840219,7,천혜향쥬스 진짜 맛있어용~! 타르트도 너무 너무 맛있음 ㅠㅠ 친구가 용인 디저트 맛집이라고 데리고 왔는데 정말 만족해요 최고
C018,러블리파이마카롱,1204840219,8,"❗️뭘 시켜도 실패하지 않는 디저트집 원한다?

걍 여기로 오세요

너무 과하지도 않고 프레시하고 달기도 딱 적당해요
그냥 뭘 먹어도 맛있슨

ㄹㅇ여기때문에 다이어트를 못함

찐힘숨찐은 라즈베리마카롱임 참고하세요"
C018,러블리파이마카롱,1204840219,9,"단골인데 리뷰를 이제 쓰네요
맛은 말할것도 없어요 전문가분들이시고
가격 너무 저렴해요 요즘 물가에 이만한 곳 못봤어요 
제 원픽은 레몬치즈 타르트도 마카롱은 바닐라 레몬 라즈베리 얼그레이가 진짜 맛잇고
기분 우울할 때마다 오는 곳이에요
선물도 자주해요 사장님 짱"
C018,러블리파이마카롱,1204840219,10,단체 선물로 급히 사러 갔는데. 마카롱도 예쁘고 많이 산다고 주신 서비스 너무 감사해요. 사장님 부부가 매우 친절하게 잘 해주셔서 감동받고 갑니다~^^♡ 다음에 또 사러 가고싶은 생각이 들었어요! 많이 파세요^^
C019,다다온족욕찜질카페,2018886597,1,"깔끔해서 기분이좋았어요~
특히 레이져 두피관리 10분에 만족
젤라또 달콤 화초들이 아주 상쾌하게 싱그러워서 좋았습니다
족욕하면서 식혜랑 친구들하고 먹으며서 웃음꽃이 피었답니다~
기분좋은 오후였어요"
C019,다다온족욕찜질카페,2018886597,2,"정성스러운 후기 정말 감사합니다 💚  
깔끔한 공간에서 기분 좋게 쉬다 가셨다니 너무 뿌듯해요 :)  
레이저 두피관리도 만족해주셔서 감사드리고, 달콤한 젤라또와 싱그러운 식물들까지 좋게 봐주셔서 정말 기쁩니다🌿  
친구분들과 족욕하시며 식혜 드시고 웃음꽃 피우셨다는 말에 저희도 덩달아 행복해졌어요🥹  
앞으로도 편안하고 기분 좋은 시간 보내실 수 있도록 늘 정성껏 준비하겠습니다! 다음에도 편하게 쉬러 오세요 ❤️"
C019,다다온족욕찜질카페,2018886597,3,"못보던 용인족욕카페가 있길래 궁금해서 방문했어요:)
운동 끝나고 나서 금요일이라 저녁에 혼자 방문했는데 완전 힐링 제대로..!!
뜨끈한 물에 족욕하면서 음료 한 잔 하니 극락입니다..❤️
아로니아에이드 처음 먹어봤는데 너무 맛있었어요😆
발에 피로도 풀리고 발도 촉촉 보송해진게 오늘 꿀잠 잘 것 같아요
용인이색카페 추천👍👍
다음에 또올게요 ㅎㅎ"
C019,다다온족욕찜질카페,2018886597,4,"소중한 후기 감사합니다😊 
운동 후 힐링 시간으로 다다온을 찾아주셔서 정말 기뻐요! 
아로니아에이드와 족욕으로 편안한 시간을 보내셨다니 뿌듯합니다🥰 
 다음에도 피로 풀러 편하게 들러주세요. 
또 뵙겠습니다💛"
C019,다다온족욕찜질카페,2018886597,5,"친구셋이 와서 맨반석족욕 하며서 주위가이뻐서 찍어봅니다
개운한 맛에 발을 기분좋게 만들고갑니다
식혜랑 아로니아 에이드
기분좋은 맛입니다~~
담에 또오겠습니다"
C019,다다온족욕찜질카페,2018886597,6,"소중한 후기 감사합니다😊 
친구분들과 함께 맥반석 스팀 족욕으로 즐거운 시간 보내셨다니 기쁩니다🥰 
식혜와 아로니아에이드도 맛있게 드셔주셔서 감사드려요. 
다음에도 개운한 힐링 시간 보내러 편하게 들러주세요💛"
C019,다다온족욕찜질카페,2018886597,7,"몸이 아플때마다 찾아요~ 애기낳고 몸조리를 잘 못해서 늘 여기저기 아팠는데 그럴때마다 찾습니다!
찜질하고나면 확실히 몸도 풀리고 아픈곳도 덜해요~ 
사장님 꼭 오래오래 가게 운영해주세요 💚❤️💚❤️"
C019,다다온족욕찜질카페,2018886597,8,"정성 가득한 후기 너무 감사합니다 💚
몸이 힘드실 때마다 저희를 찾아주신다는 말에 정말 큰 힘이 돼요🥹
출산 후 몸조리를 제대로 못 하시면 오래 불편한 경우가 많은데, 오셔서 조금이라도 몸이 풀리고 편해지신다니 저희도 너무 뿌듯합니다!
앞으로도 편하게 쉬고 힐링하실 수 있는 공간으로 오래오래 함께할게요 ❤️
늘 건강 잘 챙기시고 다음 방문도 따뜻하게 준비해둘게요 :)"
C019,다다온족욕찜질카페,2018886597,9,"일정 중간에 잠시 쉬어갈 곳을 찾다가 우연히 방문했는데 정말 만족스러웠습니다. 시설이 깔끔하고 청결하며 사장님도 친절하셔서 편안하게 쉬다 갑니다. 음료도 맛있어서 더욱 좋았어요. 추천합니다!
용인 찜질 카페 완전 추천해요! 다다온 족욕 최고"
C019,다다온족욕찜질카페,2018886597,10,"소중한 후기 감사합니다😊
편안하게 쉬어가셨다니 정말 기쁩니다. 
맛있는 음료와 함께 힐링하는 시간이 되셨길 바라며, 
다음에도 다다온에서 
편안한 시간 보내세요. 감사합니다! 💛"
C019,다다온족욕찜질카페,2018886597,11,"쉬는 날 혼자 힐링하고 싶어서 방문했어요! 족욕하면서 식혜먹고 땅콩도 주셔서 먹었는데 수제라 다 너무 맛있었어요ㅎㅎ족욕하고 찜질하러 넘어왔는데 프라이빗하게 방이 나뉘어져있고 사방이 막혀있어서 너무 좋았어요~ 온도도 너무 못 견딜정도로 뜨겁지 않고 적당해서 땀 쫙 빼고 갑니당
사장님 친절하셔서 단골될 거 같아요🤭"
C019,다다온족욕찜질카페,2018886597,12,"안녕하세요, 소중한 후기 정말 감사합니다 😊  
찜질과 족욕 모두 만족하셨다니 저희도 너무 기쁘고 보람을 느낍니다.  
친절하게 봐주셔서 진심으로 감사드리며, 
다음에도 편안하게 쉬다 가실 수 있도록 더욱 정성을 다하겠습니다.  
항상 건강하고 따뜻한 시간 되세요. 
또 뵙겠습니다 🙏"
C019,다다온족욕찜질카페,2018886597,13,"오랜만에 찜질하고 싶어서 찾다가 발견한 곳..♥
사장님도 너무 친절하시고 프라이빗하게 찜질할 수 있어서 넘 좋았어요!
달달한 식혜 마시면서 찜질하구 힐링되눈 시간이었습니다🫶 
재방문 의사 완전!!있어요!!"
C019,다다온족욕찜질카페,2018886597,14,"고객님, 따뜻한 후기 정말 감사합니다 😊
프라이빗한 공간에서 편안하게 힐링하시고, 달달한 식혜까지 맛있게 즐겨주셨다니 너무 다행입니당
또 찾아와 주신다는 말씀에 큰 힘이 됩니다👍
다음 방문에도 기분 좋게 쉬어가실 수 있도록 정성껏 준비해두겠습니다🌿"
C019,다다온족욕찜질카페,2018886597,15,"초딩들이랑 왔는데 
저번에는 건식했는데 이번엔 물로 하는거했는데 둘다 좋아요 건식이 따뜻한거 유지되는건 좋은데 물로하는게 좀더 피로가 잘 풀리는거같기도 하고 
둘다 좋아요!! 
젤라또도 넘 귀엽네요
식혜맛집이에요!"
C019,다다온족욕찜질카페,2018886597,16,"소중한 후기 감사합니다😊 
맥반석 스팀 족욕은 건식 기계에 물을 넣어 따뜻한 스팀으로 즐기는 습식 족욕이라 온기가 오래 유지되는 매력이 있답니다🥰 
물족욕도 만족하셨다니 기뻐요! 
젤라또와 식혜도 맛있게 드셔주셔서 감사합니다. 
다음에도 편안한 힐링 시간 보내세요💛"
C019,다다온족욕찜질카페,2018886597,17,"너무좋았아요
가족이같이 친목좋았아요
족욕하면서 대화나누면서~^^
식혜랑 레몬차 ㅎ 굿!"
C019,다다온족욕찜질카페,2018886597,18,"고객님😊
좋은 후기 남겨주셔서 감사합니다 😊
족욕도 편안하게 즐기시고, 함께한 대화 시간도 좋게 기억해주셔서 정말 기뻐요.
저희가 정성껏 직접 만든 식혜와 레몬차까지 맛있게 드셔주셨다니 더없이 감사합니다.
다음에도 따뜻하고 편안한 시간 보내실 수 있도록 준비해두겠습니다🌿"
C019,다다온족욕찜질카페,2018886597,19,밥먹고 여유롭게 찜질하며 커피마시니 피로가 풀려요. 사장님 친절하시고 커피도 맛있어요
C019,다다온족욕찜질카페,2018886597,20,"좋은 후기 감사합니다 💚  
식사 후 여유롭게 찜질하시며 피로 푸는 시간 되셨다니 너무 기뻐요 :)  
커피와 서비스까지 좋게 봐주셔서 감사합니다! 다음에도 편하게 쉬러 오세요 ❤️"
C019,다다온족욕찜질카페,2018886597,21,고객님😊 다다온을 이용해주셔서 감사합니다!
C021,딸기가좋아 용인점,1184699820,1,아이들이 어디 있는지 찾기 편해서 각자 흩어져도 금방 찾을 수 있어요. 둘째가 편백 트럭 공룡 좋아하는데 여러 친구들이 같이 놀아도 싸움 날 일 없어서 좋아요.
C021,딸기가좋아 용인점,1184699820,2,시간마다 회전목마 탈수있고 신나게 뛰어놀다 입심심하면 간식도먹을수있고 생일쿠폰으로 50프로할인까지받았네요~~쿠로미?스티커안지워지게 손씻고 어린이집갈때 친구들보여주고싶다고 소중하데요~~^^
C021,딸기가좋아 용인점,1184699820,3,"여기는 한달에 2,3번은 오는것같아요!
아이가 정말 좋아하는곳!
감자튀김도 맛있고 뭔가 아늑 하니 엄마는 편하게 쉬다 갑니다^^"
C021,딸기가좋아 용인점,1184699820,4,처음갔는데 생각보다 좋았어요  한눈에 잘 들어오고 cctv로도 확인가능하니 맘편히 쉴수 있었네요 다음에도 갈려고요^^
C021,딸기가좋아 용인점,1184699820,5,"최근 생긴 키카가 많은데 처인구 포곡 부터 역북동 사이에선 여기가 테마가 가장 많고 규모가 큰듯해요

39개월 들어서니까 알아서 공주옷 골라입고 알아서 좋아하는 테미존에 찾아가서 노네요^^

소꿉놀이존에서 주로 놀던 아이들이 이제 엑티비티존으로 가서 클라이밍도 하고 트렘폴린도 타고 정글짐도 즐기네요

2층에 공구놀이, 동물농장 블록놀이, 부직포놀이 있는데
생각보다 좋아합니다

음식은 돈까스랑 우동 추천이요 ^^"
C021,딸기가좋아 용인점,1184699820,6,거리가 가까으면 자주 갔을텐데 아쉬워요ㅠㅠ
C021,딸기가좋아 용인점,1184699820,7,"32개월 , 7살 아이들이 재밌어하고 좋아해요~"
C021,딸기가좋아 용인점,1184699820,8,"한눈에 딱 아이들이다보여서 좋아요
쾌적해요
음식도 괜찮고 전보다 가격도 저렴해졌어요
금요일오후 아이들과 시간보내기 좋은것같아요
직원분들도 친절하시고 좋아요!
아이들이 좋아해요^^"
C021,딸기가좋아 용인점,1184699820,9,네이버 예약하고 방문했어요 2시간 놀다가기 좋아요 수유실은 있는데 기저귀 갈이대가 없어서 그냥 쇼파같은 데 눕히고 갈면 돼요
C021,딸기가좋아 용인점,1184699820,10,"테마도 다양하고 애들이 놀 공간도 괜찮습니다
주차도 Y스퀘어에 하면 되서 꽤 넓고요
가격도 나쁘지 않습니다
큰 애들이 많으면 치이는건 어쩔 수 없지만 이 곳이 딱히 큰애가 놀기에 좋은 곳은 아니라서 작은 애들이 많은 점도 저한테는 더 좋았습니다"
C023,보드빌,1729064919,1,"일단 가게가 환해서 넘 좋음♡
보겜하다보면 시각적으로도 충족되는 부분이 있다보니 나는 밝고 쾌적한 곳이 좋더라구~~컴컴한곳 비추..;
봄이 다가오니 이렇게 꽃이 가득한 보겜이 땡김ㅋㅋ
여기 사장님이 설명을 진짜 너무 잘하셔서 새로운 게임도 다 해볼 수 있어서 진짜 좋아~
얘기하다보니 여기 사장님 보겜 강의도 다니시는분임..
ㅎㄷㄷ
어쩐지..귀에 쏙쏙들어옴♡"
C023,보드빌,1729064919,2,"저는 평소 보드게임을 즐기는 편입니다. 아니, 요즘 생활의 가장 큰 부분을 차지 할 정도로 몹시 좋아합니다. 그런만큼 게임을 조금씩 사서 모으기도 하구요. 근데 보드게임이라는게 할 줄 아는것과, 할 수 있도록 설명하는것에 큰 갭이 생기게 되는데 보드빌에서만큼은 그런 걱정없이 게임을 즐길 수 있었습니다. 어지간한 유튜브 영상보다 상세하고 재미있게 알려주시는 사장님의 영향이겠죠. 적당한 톤과 재치있는 설명. 풍부한 표정으로 지루할 틈 없는 강의. 진정한 룰마스터의 모습.
앞으로도 종종 찾아가 단골이 되어보겠습니다!! 
그때도 잘 부탁드립니다, 사장님~♡"
C023,보드빌,1729064919,3,"처음 방문했는데 시설도 깔끔하고 게임 종류가 다양해서 좋았네요

좌식 자리만 있는 게 아니라 테이블 자리도 있어서 오래 이용하기에도 편했고 무제한 이용권이 있어서 오래 있을 경우 가성비도 괜찮은 편이에요

친구들이랑 오거나 여러 명이서 같이 즐기기 좋은 공간인 것 같아요 😊"
C023,보드빌,1729064919,4,"사장님, 알바생분도 너무 친절하시고 저렴한데다가 게임 종류도 많아요!! 잘 애용하고 있습니다:)"
C023,보드빌,1729064919,5,"저렴하고 음료 무조건 안시켜도된대서 애들만 보내봤어요
음료안시키면 천원추가되더라구요 설명들은것은 없고요. 음료 안먹는애들은 그게 더 낫다고생각해요 여기까진 별 문제없는데
주말이라 사람도 많고 하니 일할때 당연히 힘들겠지만
아이가 잘 안들려서 다시 물어보니까 짜증내면서 말했다고 하더라구요 한번이 아님. 말투가 계속 짜증난 말투라 기분나빴다고 하네요 다신 안보내고 안가려고요 보드카페가 역북에만 몇개씩있는데 .. 서비스랑 안맞으면 이런일 안하는게 맞다고 생각해요"
C023,보드빌,1729064919,6,"에고, 저희 직원친구가 실례를 했네요ㅠㅠ 대신 죄송하다는 말씀 드립니다. 단단히 주의 주고, 이런일 없도록 하겠습니다~! 혹시나 다음에 방문 주시면 꼬옥 말씀 주세요! 제가 시원한 아이스티 서비스로 드리겠습니다!
감사합니다."
C023,보드빌,1729064919,7,잘 놀다 갑니다
C023,보드빌,1729064919,8,사장님도 친절하시고 아이랑 재밌게 잘 이용했어요
C023,보드빌,1729064919,9,가성비 즐겁게 놀 수 있고 허브티도 넘 맛있네요
C023,보드빌,1729064919,10,"친언니랑 조카들이랑 같이 왔어요~
깔끔하고 게임이 다양해서 조카들이 좋아하네요ㅎ
즐겁게 놀다가요~~"
C023,보드빌,1729064919,11,"올 때마다 너무 재밌어서 집 가기 싫어지는 곳.. 🎲😻

날은 덥고 그냥 카페를 가기엔 뭔가 아쉬울 때 전 무조건 보드빌 옵니당 제가 좋아하는 자리는 복층 룸인데 아늑하고 프라이빗하게 즐길 수 있어서 넘 조아요 천장도 높아서 머리 숙이지 않아도 됨!!!! 인원 별 추천게임도 다 적어두셔서 남자친구랑 2인 게임 도장깨기 중이에여 다음주에 또 올게요 ㅎㅎ !!!!!"
C023,보드빌,1729064919,12,이용해주셔서 감사합니다:)
C024,원더플레이키즈 용인점,1283333088,1,날이 더워져 놀곳을 찾다가 급하게 예약해서 방문하였는대 쾌적하고 넓어서 너무 놀기 좋았어요👍🏻 쓰레기정리하기도 편리하게 공간이 잘되어있고 앞으로 더워지는 날씨에 자주 이용하고싶은곳이에요!!!
C024,원더플레이키즈 용인점,1283333088,2,"아이들 생파는 늘 이곳에서!!!  뷰 넓고, 사장님 배려해주시는 덕분에 3,4월 아이들 생파 너무 잘했습니다. 저희 아이들은 키카 하면 여기만 생각하네요.ㅎㅎㅎ 급하게 종이컵이 필요했는데 종이컵도 있고, 가위,물티슈 등 기본적인것이 일부 있어서 너무 좋았어요. 생일파티가 가능토록 벽에는 꽃장식이랑 생일 가랜드 등도 있어서 사진찍기에도 너무 좋았어요^^ 감사합니다."
C024,원더플레이키즈 용인점,1283333088,3,아이들이 제일 좋아하는 무인키카에요😊 더운날 여기만한곳이 없답니다😘😘😘😘 또놀러올께유
C024,원더플레이키즈 용인점,1283333088,4,"매년 아이 생파는 여기에서...큰아이.작은아이 할것 없이 놀기 좋아서 애용해요.
사장님 센스있게  접시 일회용,젓가락,포크,물티슈  등은 있어서 가져 감사하더라구요. 배달 가능해서 한끼 배달시키고 아이들은 놓고..엄마들은 조금 쉴??수 있으면 더할나위 없죵..ㅋㅋㅋ
큰애 막론하고, 잘  먹으면서 아이들 원없이 잘 놀았습니다. 작은아이도 여기서 생파 하고 싶다네요 ㅎㅎㅎ"
C024,원더플레이키즈 용인점,1283333088,5,여기 너무 좋아요! 되게 넓고 아이들이 좋아할 만한 장난감도 적당히 많이 있어요 ^^ 너무 깨끗하고~ 인테리어가 너무 예뻐요. 사진 찍으면 인생샷들이에요 ^^ 어른들을 위한 마사지 기계도 있고 가드드 잘 돼 있어서 안심이에요 ^^ 아이들 정말 들어오자마자 신발 벗어버리고 바로 뛰어들어가네요 ㅎㅎ ^^
C024,원더플레이키즈 용인점,1283333088,6,아이들과 신나는 시간이었어요..청소기가 많이고장나있어서 깔끔하게 청소를못했네요.
C024,원더플레이키즈 용인점,1283333088,7,아이들입학기념으로 갔는데 재밌게 잘놀았습니다
C024,원더플레이키즈 용인점,1283333088,8,"방학기간 아이들과 함께 시간을 보내기 제일 좋은곳👍
엄마들도 아이들도 너무너무 즐거웠어요~ 다음에 또 놀러갈께요😘"
C024,원더플레이키즈 용인점,1283333088,9,"원더플레이키즈만에 장점 후기를 남겨주셔서 감사합니다^^ 
3월 평일이벤트 다시 시작했어요~~ 
지인분들과 또 들려주시고 새해 복 많이 받으세요♥️"
C024,원더플레이키즈 용인점,1283333088,10,"포토존도 예쁘구 아이들이 넘 좋아했어요! 
감사합니다^^"
C024,원더플레이키즈 용인점,1283333088,11,"원더플레이키즈 새로운 포토존이 생겼어요~!
소중한 후기 감사합니다^^
지인분들과 또 들려주시고 새해 복 많이 받으세요♥️"
C024,원더플레이키즈 용인점,1283333088,12,5번째 제돈제산 방문이에요. 친절하시고 아이들도 너무 좋아해요^^ 또 방문할 곳이랍니다. 추천해요!!
C024,원더플레이키즈 용인점,1283333088,13,자주 이용해주셔서 감사드립니다🩵
C025,설빙 경기용인역북점,1067407907,1,"왜 벌집꿀을 반토막을 주시는건가요???
더운날씨에 시원한빙수 먹으러갔는데 
매장은 덥고 서울중계동에서 먹은 설빙벌집꿀메론빙수와 
너무 달라 실망했네요
직영점이 아니라도 너무하시네요 
설빙 브랜드 이미지를 이런식으로 하락!!!
본사에건의하면 매뉴얼준수 하시나요???
매뉴얼대로 정량으로 조리하세요
고객들은 제값 지불하고 제대로된 제품을 제공받을 권리가 있습니다 
동네장사 이런식으로 하시면 안됩니다"
C025,설빙 경기용인역북점,1067407907,2,"아이들과 두바이설빙이랑 애플방고치즈설빙 먹으러왔어요
생각보다 양이많아 다못먹어요
배달만시키다가 매장와서 먹으니 좋은것같아요
커피도 같이먹었어요 추워서요
인절미토스트도 좋아하네요^^"
C025,설빙 경기용인역북점,1067407907,3,"두바이초코설빙 만세만세!!!!!!!
진짜 진심 맛있어요..카다이프 식감 굿이에요ㅠㅠ
혼자 두개도 먹을 수 있을것가타여.....너무맛있어요ㅜㅜㅜ다들 먹어보세여ㅠㅠㅠㅠㅠㅠ♡
추워져도 설빙사랑❤️"
C025,설빙 경기용인역북점,1067407907,4,"빙수가 먹고싶을때마다 늘 찾는 설빙입니다ㅎㅎ
너무 맛있고 분위기도 좋아요ㅎㅎ"
C025,설빙 경기용인역북점,1067407907,5,"요거치즈메론 왜케 맛있는거죠..💚
한번 맛보고 앞으론 최애 빙수맛이 되어버릴것 같은 느낌!
메론빙수 그릇도 너무 귀엽ㅋㅋ
처음엔 우유얼음만 먹어서 왜케 싱거워 했는데
먹다보니 속안에 메론시럽? 파우더? 같은거 있고 
치즈큐브랑 요거아이스크림도 있어서 
나중엔 연유 생각 1도 안났어요 넘나 맛나영"
C025,설빙 경기용인역북점,1067407907,6,"깨먹는 돼지 겁나 맛있습니다
돼지바 무한흡입"
C025,설빙 경기용인역북점,1067407907,7,"여름엔 저녁 먹고 무조건 설빙..♡
배달해도 맛있고 매장에서도 말해 뭐해여....
아까 오전에 대전 설빙 다녀왔는데
맛도 다르고 청결도 다름여...
여기가 맛 청결 원탑이여........진심"
C025,설빙 경기용인역북점,1067407907,8,"맛있어요.
허니버터 브레드는 다른 지점에 비해 아주빠삭하게 튀겨주시는듯요. 입천장 까졌는데 잘 먹었어요"
C026,클라드커피,1299081119,1,"역북에 볼 일 있으면 꼭 들러야 하는 카페
여기만큼 묵직하면서 깔끔한 맛 잘 내는 카페가 없뜸"
C026,클라드커피,1299081119,2,케이크 맛나요 커피도 무난합니다
C026,클라드커피,1299081119,3,"예전부터 궁금했던 카페라 궁금했는데 최근에 가 본 카페중에 퀄리티는 높은데 가격이 너무 착했어요 😇
일단 저기에 있는 바나나푸딩 초코가 엄청 꾸덕하고 은근 양도 많아요 재방문 1🩷🩷%"
C026,클라드커피,1299081119,4,"분의기도 좋고 
커피랑 푸딩, 케익 진짜 맛 있어요😋"
C026,클라드커피,1299081119,5,"분위기 좋고 , 사장님이 친절하세오오옹"
C026,클라드커피,1299081119,6,클라드 커피가 맛있어요 추천
C026,클라드커피,1299081119,7,"티라미수에 딸기가 올라가더라구요 ..!! 다행히 동생하고 언니가 딸기를 좋아해서 주고ㅋㅋㅋ 티라미수 맛있어요 ,,🥺 바나나오레오푸딩도 맛있었는데 직원분 추천메뉴였던 바나나푸딩이 너무 기대되는 맛이랄까 ,,?  직원분 너무 친절하시고 다음에 또 방문할게요 ~~!"
C026,클라드커피,1299081119,8,"카페가 크지 않은데 공간구성을 너무너무 잘해두셔서 작지만 강한 카페같았어요!
사장님의 스타일이랑 개성이 잘 보이는 공간입니다 ㅎㅎㅎ
커피도 에이드도 다 맛났어요! 토마토바질에이드 첫도전이었는데 완전 만족이었구요
푸딩이랑 케이크도 다 너무 맛납니다,,
버터바는 인기많은지 품절이더라구요
사진도 넘 잘나오는 예쁜 카페에요!"
C026,클라드커피,1299081119,9,혼자..다 먹었습니다 넵 오픈했을 때부터 몇 번 왔었는데 사장님이 증멜로 친절하세요🙊가게도 들어오면 험멤메;지대 힙하고 사장님만의 스타일로 정말 예쁘고 느낌있게 잘 꾸며두셨어요!가게도 시끄럽지 않아서 대화를 나누거나 가볍게 과제를 하기도 좋습니돠 본론으로 들어가 메뉴추천을 해보자면..전에 같이 왔던 지인은 치즈케이크를 굉장히 마음에 들어했는데 저는 개인적으로 버터바가 진짜 MI쳤다고 생각합니다 정말 쫀득하고 바삭하고 또 달달하지만 너무 달지않고 위에 올라가는 아이스크림과의 조합이 나라 하나 세워도 될 것 같은 느낌 이제는 버터바에 아이스크림이 없으면 태극기 없는 대한민국을 보는 기분입니다 에펠탑 없는 파리..암튼 그런거 요즘 무료로 아이스크림을 올려주신다는데 사장님의 센스에 이마를 치고 갑미다 ㅇ잘먹었습니다
C026,클라드커피,1299081119,10,"조용히 감정 정리가 필요할때마다 찾는곳~~
낙엽이 떨어지고 하얀 첫눈도 내린
12월 첫 주말 오후~
평온한 일상 만끽중~ 
이곳도 크리스마스 트리와함께
12월의 시간을 보내중이신가보다~"
C027,드롭탑 용인역북점,1000559258,1,"네이버 등에서 간편결제 페이스페이등 가능하다고 하는데 매장에 기기가 설치 되어있어 사용하려고 했더니 안된다 하네요.
 또한 키오스크 결제시 바코드 인식이 되지않아 일일히 숫자 클릭해야하고 앞서 사용하시는 분들도 한숨 내더라고요.
 자리 위치만 좋았지 시설 관리가 안되나 봅니다."
C027,드롭탑 용인역북점,1000559258,2,커피가 맛있어요
C027,드롭탑 용인역북점,1000559258,3,"서점 갔다가 커피 사러 카페 찾다가
드롭탑은 처음 가봤네요"
C027,드롭탑 용인역북점,1000559258,4,난방이 너무 약해요 춥습니다
C027,드롭탑 용인역북점,1000559258,5,넓고 쾌적하네요
C027,드롭탑 용인역북점,1000559258,6,즐겁게 수다떨고 갑니당! 미드나잇투로피칼 주스 첨 먹었는데 맛잇네용 제로꿀레몬생강티는 좀 달았데요
C027,드롭탑 용인역북점,1000559258,7,맛있어요 분위기 좋아요 ;)
C028,메가번 용인역북점,2081597006,1,"빵이 아주 맛있습니다.
가격이 조금 비싼감이 있지만 맛이 좋아요!👍"
C028,메가번 용인역북점,2081597006,2,"진짜 사장님 저세상 친절 ㅜ 🩷🩷
존맛탱구리구리"
C028,메가번 용인역북점,2081597006,3,"지나가다 냄새 맡으니 안 살수가 없네요.
오랜만에 모카번 먹었어요! 
생크림 모카번 넘 맛있어요!!"
C028,메가번 용인역북점,2081597006,4,맛있게  잘먹었습니다 ~^^♡
C028,메가번 용인역북점,2081597006,5,지날때마다 달달~고소한 번 향기가 넘 좋아 자주 들르는 메가번!! 사장님이 넘 친절하시고 매장도 쾌적하고 예뻐요. 갈때마다 종류별로 3개씩 꼭 사서 두 개는 냉동에 쟁여놓고 출출할때 살짝 해동시켜 먹어도 맛있어요. 3개 구입하면 바로 만든 깨찰빵도 서비스로 주신답니다^^ 넘 맛있어요~♡
C028,메가번 용인역북점,2081597006,6,"엄청 맛잇어요!!!!
사장님 무쟈게 친절하세영!!!"
C029,커피인류 용인역북점,1999017894,1,"근처 치과갈일 있어서 왔다가 들렸는데
사장님도 친절하시고 라떼도 맛있어요~!"
C029,커피인류 용인역북점,1999017894,2,용인와서 첫커피 맛나게 마시고가요
C029,커피인류 용인역북점,1999017894,3,"역북 최고의 커피맛집. 
어떻게 먹어야 더 맛있는지 간단히 설명도 해주셔서 좋아요!
우드톤에 천장높고 브금좋고 아늑함"
C029,커피인류 용인역북점,1999017894,4,"커피 괜찮았아요
맛있게 먹었습니다

테이블 배치가 특이하고 천장이 높아서 답답하지 않아 매장 이용하기도 좋았어요"
C029,커피인류 용인역북점,1999017894,5,커피 뿐 아니라 다음 음료도 맛있어서 가끔 가요^^
C029,커피인류 용인역북점,1999017894,6,커피맛 제대로인 애정하는 까페입니다.
C029,커피인류 용인역북점,1999017894,7,역북동 카페 안가본곳 찾다가 방문했습니다. 심플한 인테리어 음료는 제 입맛에는 살짝 밍밍해서 다음에 방문한다면 진하게 요청드릴것 같아요 !! 친구랑 만나서 얘기 잘하다 갑니다.
C029,커피인류 용인역북점,1999017894,8,위치가 좋고 커피가 맛있어요
C029,커피인류 용인역북점,1999017894,9,달달하니 맛있쥬~
C029,커피인류 용인역북점,1999017894,10,"커피도 맛있고, 분위기도 좋아요."
C030,지니어스,1079357919,1,여름이라 과일이 땡겼는데 마침 망고케이크가 있길래 시켜서 먹었어요 !! 요거트생크림이랑 망고가 너무 잘 어울리고 달달하면서 상콤합니다🥹 데이트로 다녀왔는데 여자분들 사진 찍기에도 아주 좋아요 !!
C030,지니어스,1079357919,2,"저 여기 진짜진짜 자주 오고 친구들도 한번 데려오면 다 반해서 역북에선 카페 여기만 와요 ㅎㅎ 사장님도 너무 착하시고 디저트 완전 맛있어요!! 진짜 최고💕💕 혼자 카공 하시는 분들도 많구 친구,연인끼리도 많이 와용ㅎㅎ 고민중이라면 꼭 방문해보세요!!"
C030,지니어스,1079357919,3,"벌써 몇번째 재방문인지 모르겠어요! 학교 과제를 하거나 친구들이랑 친목을 나누거나 할 때마다 다른 카페는 안가고 거의 99프로 지니어스에 와요❤️

여기가 다른 카페에는 없는 알로에 요거트를 파는데 이게 진짜 맛있더라구요😻 기본적으로 디저트들도 맛있고 사장님도 굉장히 친절하셔서 더 정이가고 자주 오고 싶어요!

그리고 실내 공간이랑 실외 공간이 나누어져 있는데, 일단 실내 공간은 사진으로 보는 것 처럼 되게 넓고 쾌적할 뿐더러 좌석도 다양하고 많아서 혼자오든 친구들이랑 오든 편안하게 즐길 수 있어요! 그리고 실외 테라스도 넓어서 이용하기에 좋습니다🖤

저녁이 되면 조명이 꺼지면서 밤에만 느낄 수 있는 감성적인 카페처럼 분위기가 전환되면서 또 색다른 느낌으로 카페를 즐길 수 있어서 좋아요☺️"
C030,지니어스,1079357919,4,지니어스는 밤이 되면 조명이 어두워 지면서 더 아늑한 분위기가 돼요 또 스템프나 곳곳에 이런 이벤트 같이 웃게 되는 포인트들이 참 많답니다 !! 아침에도 저녁에도 항상 좋은 지니어스 꼭 와보세요 !!
C030,지니어스,1079357919,5,"카페 인테리어가 넓고 쾌적해서 정말 자주 오는 곳이에요!
커피와 음료도 너무 맛있습니다!
베이글이랑 케이크도 맛있으니 꼭 드셔보세요😘
과제나 카공하기에도 좋은 곳이라서 역북에서 카페 어디 갈 지 고민이시라면 꼭 와보세요!"
C030,지니어스,1079357919,6,"화이트 톤의 깔끔하고 세련된 인테리어 덕분에 막 찍어도 인생샷이 나오는 분위기 맛집이에요! 통창으로 들어오는 채광도 너무 좋고, 전체적으로 매장이 쾌적해서 머무는 내내 힐링하는 기분 가득이었습니다. 게다가 주문한 쿠키는 비주얼만큼이나 식감도 쫀득하고 달콤해서 아메리카노랑 완전 찰떡궁합이더라고요. 사장님도 친절하시고 공간 구석구석 신경 쓰신 티가 나서 앞으로 자주 방문하게 될 것 같아요. 예쁜 공간에서 맛있는 디저트 먹으며 제대로 기분 전환하고 갑니다, 완전 추천해요!"
C030,지니어스,1079357919,7,오늘은 친구랑 과제하러 왔어요 !! 지니어스 대표 메뉴인 지니어스 라떼 먹었는데 당 올라가면서 카페인도 들어가고 맛도 있으니까 과제하는데 최고의 음료인거 같아요 🥹 또 친구랑 이야기 하기도 너무 좋아요 꼭 오세요 🩷
C030,지니어스,1079357919,8,"분위기 좋고 깔끔해서. 데이트 하기 좋아요 테라스가 넓어서 특히 좋습니다 낮에 데이트 할땐  산과 하늘이 확 트여서 좋고 저녘엔 야경 보기가 너무 좋아요
특히 사진찍기 너무 좋습니다❤️"
C030,지니어스,1079357919,9,피스타치오크림라떼랑 쑥라떼 주문했는데 넘 예쁘고 맛있었어요🥹 사장님도 친절하시고 대화 나누면서 쉬기 좋은 곳 같습니당
C030,지니어스,1079357919,10,"카페 분위기가 너무 좋고 인테리어도 너무 잘 되어있습니다 테라스도 있어서 너무 운치있고 커피, 디저트 다
너무 맛있어요🤤 쑥케이크 진쯔 둘이 먹다가 하나 죽어도 모를 정도로 너무너무너무 제 취향이었습니다🌟 알바생분 외모도 뛰어나시고 사장님도 너무 친절하셔서 추천추천 드립니다 :)"
C031,빽다방 용인역북남부점,1431723367,1,아침에 왔눈데 직원분들 정말 종말 넘넘 친절하세요 ㅠㅠ 항상 건강하고 행복하세용!!!!
C031,빽다방 용인역북남부점,1431723367,2,"가성비 있는데 음료도 맛있어요~~
친절해요~"
C031,빽다방 용인역북남부점,1431723367,3,빽다방 직원분들이 친절하세요!
C031,빽다방 용인역북남부점,1431723367,4,가끔씩 가는곳 입니다 좋아요
C031,빽다방 용인역북남부점,1431723367,5,아기등원하고 시원한 에이드 한 잔
C031,빽다방 용인역북남부점,1431723367,6,"깨끗하고 좋아요
빽다방은 아샷추가 맛있쥬~~
언니가 사줘서 더 맛나게 먹었숩니다♡"
C031,빽다방 용인역북남부점,1431723367,7,굿! 신메뉴 크런키 초코라떼 존맛
C031,빽다방 용인역북남부점,1431723367,8,아기랑 음료한잔이랑 빵 하나 포장
C032,우지커피 용인역북점,2074674579,1,"인테리어  깔끔하고  머그컵도 큼직한게  이쁘네요~^^
커피외에  먹거리도 여러가지있고~  저녁시간이라 간단한  티만 마셨는데    다음번엔 커피랑 맛있는 음료도 먹어보고싶네요♡♡♡"
C032,우지커피 용인역북점,2074674579,2,"키와마루아지 영업 종료후 카페맛집 탄생!!!
기대됩니다~*♡(๑ↀᆺↀ๑)✧-`♡´-ɢᴏᴏᴅ ᴊᴏʙ 'o' b* ੈ✩‧₊˚* ੈ✩‧₊* ੈ✩‧₊˚* ੈ✩‧₊ヾ(o˃̵͈̑‿˂̵͈̑o)ｼ（ｖ＾＿＾）ｖ٩(๑˃̶͈̀◡˂̶͈́๑)۶๑ᴖ◡ᴖ๑(▰˘◡˘▰)フトスト"
C032,우지커피 용인역북점,2074674579,3,"매장 옆에 주차장 입구 있고 주차 1시간 지원 되고 
친절하고 커피도 맛있고 좋았어요!"
C032,우지커피 용인역북점,2074674579,4,"오늘 우지커피에서 율무크림프라페를 처음 먹어보았는데 너무 꼬숩고 너무너무 맛있습니다 ㅠㅠ✨🥹💙
인생 프라페를 찾았습니다 💙💙"
C032,우지커피 용인역북점,2074674579,5,아이랑 산책하다 들렀어요~~ 여전히 깔끔하고 음료는 맛있어요♡♡♡
C032,우지커피 용인역북점,2074674579,6,"여름메뉴로 수박음료들이 나왔길래 리얼수박주스를 마셔봤는데 인위적인 맛보다 시원한 생수박 느낌이 나서 더 좋았고, 얼음이랑 같이 마시니까 여름에 딱인 느낌!  
너무 달지 않아서 부담 없이 마시기 좋았고 더운 날 또 생각날 것 같아요ㅠㅠ 다음엔 다른 메뉴들도 먹어보려구요!😋"
C032,우지커피 용인역북점,2074674579,7,웰니스 딸기라떼! 처음 먹어보는 메뉴였는데 너무 달지 않고 딱 맛있었습니다! 가게 분위기도 너무 예쁘고 사장님도 너무 친절하셔서 있는 동안 기분이 너무 좋아지는 시간이었습니다! 앞으로도 자주 찾아올 것 같아요 단골예정ㅎㅎ
C032,우지커피 용인역북점,2074674579,8,수박주스 너무 맛있어요!!!! 수박주스 말고 다른 메뉴들도 다 맛있고 가게도 청결해용 직원분들도 친절하시고 화장실도 깨끗합니다!!!!! 추천드려용 ~~
C032,우지커피 용인역북점,2074674579,9,원두가 고소하고 맛있어요 딥카페라떼도 맘에드네요
C032,우지커피 용인역북점,2074674579,10,"딥카페라떼  맛있고, 초코 무스 촉촉하고 많이 달지 않아서  좋아요❤️💚🩵"
C033,사실빙 용인역북점,2086620946,1,"에베랜드 갔다가, 역북동 들렸는데
마침 빙수가 먹구싶었는데용, 친구랑 😄✨

이쁜 빙수집있어서.들리게됬어요!
점심먹구.디저트겸 , 먹었는데 
제주유기농 빙수와, 두바이폭탄초코 아이스크림 먹었답니당

빙수는 가볍구 맛나서, 입에서 살살녹아용
아이스크림두 요거트맛이진해어
먹는내내 
달달했어용 ~"
C033,사실빙 용인역북점,2086620946,2,"Polomolo님 안녕하세요! 사실빙 용인역북점입니다 😊
에버랜드 방문 후 저희 매장까지 들러주시고, 정성 가득한 후기 남겨주셔서 진심으로 감사드립니다! 여행이나 나들이 중에 우연히 방문한 곳이 좋은 기억으로 남았다는 말씀은 저희에게 큰 힘이 됩니다. 다양한 메뉴를 함께 즐겨보시고 만족하셨다니 더욱 기쁘네요. 특히 부드럽고 가벼운 식감의 실타래빙수와 진한 풍미의 음료 조합을 좋게 봐주셔서 감사합니다. 많은 분들께서도 용인디저트를 찾으시다가 저희 용인카페에 방문해 시원한 빙수와 음료를 함께 즐기시며 만족해 주고 계십니다. 😊

깔끔한 매장 분위기와 편안한 공간을 만들기 위해 항상 노력하고 있는데 인테리어까지 좋게 평가해 주셔서 감사한 마음입니다. 용인빙수 맛집을 찾는 분들께 더 좋은 경험을 드릴 수 있도록 맛과 서비스 모두 꾸준히 발전해 나가겠습니다."
C033,사실빙 용인역북점,2086620946,3,새로 오픈했다고 해서 여자친구랑 같이왔어요 너무 맛있고 처음이라 1인분으로 시켰는데 다음엔 2인으로 해서 먹을겁니다 토핑은 추가했는데 너무 맛있어서 중간에 아몬드 추가까지 했습니다 디저트 맛집이네요 역북 맛집 추천해요~
C033,사실빙 용인역북점,2086620946,4,"현서245님 안녕하세요! 사실빙 용인역북점입니다 😊
소중한 후기와 예쁜 사진까지 남겨주셔서 진심으로 감사드립니다! 새롭게 오픈한 저희 매장을 찾아주시고 만족스러운 시간을 보내셨다니 정말 기쁩니다. 처음 방문에 1인 메뉴를 선택하셨다가 다음에는 더 넉넉하게 즐기고 싶다는 말씀을 남겨주실 만큼 맛있게 드셔주셔서 더욱 감사한 마음입니다. 부드러운 실타래 식감과 풍성한 토핑의 조화를 좋아해 주시는 고객님들이 많으며, 저희도 늘 좋은 재료와 정성으로 준비하고 있습니다. 😊

아늑한 분위기와 깔끔한 인테리어까지 좋게 봐주셔서 감사드립니다. 친구, 연인과 함께 즐기기 좋은 용인데이트 코스로도 많은 분들이 찾아주시고 있으며, 용인카페와 용인디저트 맛집을 찾는 분들께 특별한 시간을 제공하기 위해 노력하고 있습니다. 앞으로도 방문하실 때마다 맛과 서비스, 매장 분위기까지 모두 만족하실 수 있도록 더욱 세심하게 준비하겠습니다. 다시 한번 소중한 후기 감사드립니다! 🍧"
C035,하이오커피 용인역북점,1161417048,1,"가격대비 커피를 고소한 맛, 산미있는 맛 중 고를 수도 있고. 
저가형 컴@즈, 메☆, 빽%방 등등 보다 훨 좋습니다.
신상 망고컵빙수 먹었는데, 코코넛칩 뿌려져있고 망고는 맛이 없을 수 없죠. 타 브랜드는 시럽 범벅에 당뇨가 올 것 같은데, 여긴 건강하고 달달합니다. 만족스러운 카페입니다."
C035,하이오커피 용인역북점,1161417048,2,항상 맛있어요 !
C035,하이오커피 용인역북점,1161417048,3,분위기좋고 음료커피 맛나요👍
C035,하이오커피 용인역북점,1161417048,4,아담하고 혼자가서 시간 떼우기 좋는 카페에요!
C035,하이오커피 용인역북점,1161417048,5,첫방문~~ 코코넛커피 코코너망고 둘 다 맛있어요~~
C035,하이오커피 용인역북점,1161417048,6,"근처 일보러 갔다가, 메* 커피 보고 들어가려했다가 바류 옆집 하이오 갔어요! 녹차 빙수 사진을 보니 안들어갈 수 었어서 ㅎㅎ 맛있게 잘 먹었으나 녹차맛이 좀 연해서 아쉬웠어요 팥은 탱글하니 맛있어서 전체적으로 시원하게 잘 먹고 나왔습니다"
C036,레드버튼 용인역북점,1438947731,1,아이가 보드게임을 좋아해서 왔는데 시설도 깨끗하고 게임 종류도 많아서 좋아요!
C036,레드버튼 용인역북점,1438947731,2,"보드게임을 잘 몰라서 걱정했는데, 방마다 있는 태블릿으로 룰 설명을 영상으로 볼 수 있어서 정말 편했어요! 이해 안 되는 부분은 언제든 돌려볼 수 있어서 직원분 안 불러도 되니 부담 없더라고요. 보드게임 종류도 엄청 많고 추천 가이드도 잘 되어 있어서 초보자분들께 강추합니다!"
C036,레드버튼 용인역북점,1438947731,3,"깔끔하고 게임 종류도 많아요. 
단체로 와서 하기에도 넓고 쾌적합니다! 
메뉴도 맛있어용 ㅎㅎㅎ"
C036,레드버튼 용인역북점,1438947731,4,"레드버튼 다녀왔는데 기대 이상으로 만족스러웠어요. 매장 분위기가 깔끔하고 테이블 간 간격도 넓어서 편하게 즐길 수 있었고, 보드게임 종류도 정말 다양해서 고르는 재미가 있었습니다. 처음 하는 게임은 직원분이 친절하게 설명해줘서 어렵지 않게 시작할 수 있었고, 시간 가는 줄 모르고 놀았어요. 음료와 간단한 먹거리도 괜찮은 편이라 게임하면서 즐기기 좋았습니다. 친구들이랑 가도 좋고 데이트 장소로도 추천할 만한 곳이에요. 다음에 또 방문하고 싶어요!"
C036,레드버튼 용인역북점,1438947731,5,룸 컨티션 좋구 주말 오후인데 깔끔해요 음식 퀄리티도 좋아서 아이도 좋아해요
C036,레드버튼 용인역북점,1438947731,6,직원분들도 친절하시고 음식마저도 맛있어요~
C036,레드버튼 용인역북점,1438947731,7,아이들과 오랜만에 뭐하며 놀까 하다 레드버튼 왔는데 보드게임 종류도 많고 음식도 맛있고 너무 즐겁게 놀다 갑니다^^
C036,레드버튼 용인역북점,1438947731,8,아이들이랑 평일 저녁에 들렸는데 짧고 굵게 놀다 갑니다. 꼬치의 달인도 재밌고 거짓말 탐지기도 재밌네요.. 음식도 넘 맛있어요~~
C036,레드버튼 용인역북점,1438947731,9,늘 서울 지점만 가서 그런가 이렇게 깔끔하고 쾌적한 지점은 처음이에요! 👍🏻 게임찾고 있는데 먼저 다가와서 도와주시고 음식도 다 너무 맛있어요! 주차도 가능해서 넘 좋아요 :) 역북 오면 재방문하고 싶습니다 !
C036,레드버튼 용인역북점,1438947731,10,어린이날에 아이가 가고싶다하여 왔어요~ 시설도깔끔하고 게임도많고 더불어 음식들도맛있습니다^^ 직원분들도 항상 친절하십니다^^
C037,메가MGC커피 용인역북점,1016043923,1,"요거젤라또쵸코베리믹스 주문했는데..
쵸코시리얼을 안넣어주셨어요ㅠ"
C037,메가MGC커피 용인역북점,1016043923,2,"역북 광장 메가커피@
친절하신 직원분들이 계십니다!@"
C037,메가MGC커피 용인역북점,1016043923,3,"가성비 좋고, 친절함까지 가득한 메가역북점이예요!!!"
C037,메가MGC커피 용인역북점,1016043923,4,테이크아웃해서 집에서 떡볶이랑 먹어요
C037,메가MGC커피 용인역북점,1016043923,5,행운냥이 너무 귀여워요ㅠㅠㅠ
C037,메가MGC커피 용인역북점,1016043923,6,오픈1주면 일부음료반값!
C037,메가MGC커피 용인역북점,1016043923,7,메가 역북 직원분들 정말 친절하십니다...
C039,투썸플레이스 용인역북점,1042222117,1,"생일기프티콘받은걸로 케이크사러다녀옴
조각케이크4개사서 딸래미 쁘티텀블러사서옴
46700원...
케이크안좋아하는데 투썸케이크는 맛있다.
딸도 텀블러좋아함 귀엽긴한데 가격 개사악....
직원친절 매장깔끔 케이크맛있게먹음"
C039,투썸플레이스 용인역북점,1042222117,2,"#투썸플레이스 용인역북점
>>재작년에는 계속 투썸만 가다가...
작년에는 계속 스벅만 가다가...ㅎ
간만에 스초생이 먹고싶어 투썸으로 왔어요.🤗
어느지점으로 갈까 하다가 용인역북점으로 결정...ㅋ
맛있게 잘 먹고 갑니다.ㅎ
<주문>
1.아메리카노 R 1개:4,700원
2.아이스초코릿 라떼 R 1개:5,600원
3.떠먹는 스트로베리 초코릿 생크림:7,200원
합계금액:17,500원"
C039,투썸플레이스 용인역북점,1042222117,3,매장이 깔끔하고 음료도 빨리 나와서 좋습니다! 무엇보다 직원분들도 친절하시고 손님이 많아 바쁜 상황임에도 불구하고 응대가 너무 마음에 들었어요ㅎㅎ 다음번에 또 올게요 ^_^ 감사합니다!
C039,투썸플레이스 용인역북점,1042222117,4,"#투썸플레이스 용인역북점
>>스초생을 엄청 좋아해서 1년전만해도 카페를 선택하면 투썸밖에 안갔어요.
그런데 요즘은 다른카페를 많이다녀 한 반년 넘게 투썸을 안와본거 같에요.스초생이 딱 없어지는 시점부터 안옷듯~ㅎ
투썸하트가 계속 소멸되고 있던걸 발견.ㅎ
스초생계절이 왔으니 일부러 투썸으로 왔어요.
<주문>
1.아이스초콜릿라떼:5,600원
2.오렌지에이드:6,300원
3.떠먹는스초생:7,200원
4.아메리카노(HOT):4,700원
합계:23,800원

역시 스초생은 맛있어요.
카페에서 제일 좋은 궁합은 아침에 따뜻한 아메리카노에 스초생 한조각 같이 먹으면 참 맛있어요!
굿~~~👍👍👍☕️☕️☕️"
C039,투썸플레이스 용인역북점,1042222117,5,"직원들 cs 교육좀 진행하세요
설거지하면서 고개만 돌려서 손님응대하고, 
말투.표정, 안내사항 하나하나 다 말하기도 어려울 정도로 기분만 상하고 갔습니다.
다시는 이용할 일 없어요."
C039,투썸플레이스 용인역북점,1042222117,6,"#투썸플레이스 용인역북점
>>믿고가는 투썸~♡♡♡"
C039,투썸플레이스 용인역북점,1042222117,7,"케이크늠 투쌈
친절하신 직원분들"
C039,투썸플레이스 용인역북점,1042222117,8,신한카드할인받고 차마시고 좋아요
C039,투썸플레이스 용인역북점,1042222117,9,커피가 맛있어요
C039,투썸플레이스 용인역북점,1042222117,10,고소한 아메리카노 한잔 👍
C040,욤카페 역북점,1442164514,1,맛있어요~
C040,욤카페 역북점,1442164514,2,"친절하게 주문 받아주시고, 구름 요거트 괜찮네요:)"
C040,욤카페 역북점,1442164514,3,샌드위치가 너무 맛있어서 세번째 방문이에요~ 야채도 듬뿍들어있고 먹고나면 정말 배부르더라구요~ 지금은 반쪽만 먹었는데도 너무 배부르네요~^^ 에그샌드위치 추천해요~ 또 방문할게요~^^
C040,욤카페 역북점,1442164514,4,떡볶이 맛집😋
C040,욤카페 역북점,1442164514,5,맛있어요~!!
C040,욤카페 역북점,1442164514,6,테이크아웃 배달 전문점인거같아요 매장은 좁지만 디저트가 맛있어요
C040,욤카페 역북점,1442164514,7,메뉴가 다양하고 가성비도 좋고 무엇보다 맛있어요 한집에서 골고루 먹을 수 있어서 좋은것 같아요.. 배달이나 포장해가기 좋아요  진짜 강추 소금빵은 고메치즈에 유기농밀가루 쓴다는데  너무 고급스럽게 맛있어요 👍
C040,욤카페 역북점,1442164514,8,떡볶이맛집~
C040,욤카페 역북점,1442164514,9,여기 샌드위치 대박맛집이에요 ㅎㅎ 음료듀 맛있고 단골등록입니다 ㅋㅋㅋㅋ넘넘 제취져
C041,카페요시,1597462090,1,"케이크 맛집이라고 해서
테이크아웃해갔는데
정말 맛있어요!!
다음에도 또 가려구요!
치즈케이크도 미쳤어요!"
C041,카페요시,1597462090,2,"원장님 생신으로 2호 주문예약했어요.
카페요시 조각케이크 맛있는거 알고 있어서
예약했는데 묵직하니 심플하고 예뻐요.
원장님도 좋아하셨어요. 👍"
C041,카페요시,1597462090,3,"전에 에버랜드갔다가 용인케이크맛집 검색하니까 나와서먹었는데 대존맛탱이였음
남편한테 올해 크리스마스 파티는 이거다 하고 사오라함 ㅎㅎㅎ요시덕분에 행복한 크리스마스❤️❤️❤️
짱맛 여기 아바라도 대마싯슴"
C041,카페요시,1597462090,4,"작년 크리스마스에
친구가 사 온 케이크를 진짜 맛있게먹어서
올해 왕복 두시간 거리인데도 직접 사러 갔습니다!

1년만에 다시 먹었는데 기억 미화 아니고
진짜 찐 진심 여전히 맛있어요
케이크 때문에 일부러 멀리 간 건 처음인데
여긴 그럴만함 내 인생케이크 등극👍"
C041,카페요시,1597462090,5,"용인 명지대 앞ㆍ작은 카페
커피도 디저트 맛집이네요 
수제케잌 맛집ㆍ초코케잌 진짜 진하고 맛있어요 👍 ㆍ케잌 예약가능하고요
가성비도 👍 굿입니다 ^^"
C041,카페요시,1597462090,6,"마틸다 맛집!!!  4년만에 방문…
그자리 그대로 맛 변함없이 지키고 있어 행복~
7,500원 마틸다 가격도 착하고 맛은 뭐 말뭐!!!👍
앉은 자리서 추가해 3조각 순삭 ㅋㅋ"
C041,카페요시,1597462090,7,케이크 맛있습니다. 개인적으로 추천하는 건 생크림 딸기인데 너무 달지도 않고 느끼하지 않아 커피와 궁합이 좋았습니다.
C041,카페요시,1597462090,8,"커피도 저렴하고
딸기케이크도 맛있어요:)"
C041,카페요시,1597462090,9,"리뷰보고 찾아갔는데 리뷰들은 사장님 지인인가요?
아님 체험단들이신지..
아님 제가 사장님 기분 안 좋은 날 간건가요?

세상 불친절.. 돈쓰고 나올때 기분별로인 경험이었어요.
케이크라도 맛있으면 기분풀려고 했는데 네가지 맛을 먹었지만 특별한 맛은 아니었네요."
C042,우노커피랩,2040177290,1,"아니… 사장님.. 여성알바분 왤케 친절하세요…
따님인줄 알았습니다..🤣
흔한 카페랑은 다르게 서비스도 맛도 가격도 최고네요 요새 다녔던 카페중에 가장 기분좋은 카페네요!!
층고도 높아서 답답하지 않고 기분좋게 시원하고 매장이 엄청 청결하고 예뻐요 
군더더기도 없고 햇살도 기분좋을만큼만 볼 수 있어서 좋아요ㅠㅠ
그리고 카페라떼 근본인 우유를 써주셔서 너무 맛있어요 저도 카페일을 오래했어서 제가 탄게 젤 맛난줄 알았는데 원두랑 우유랑 조합이 엄청 좋네요..
인생맛집입니다.. 번창하세요!!!!!!!"
C042,우노커피랩,2040177290,2,"신랑 핸드폰바꾸러 왔다가 기다리면서
옆에 커피마시러 들렸는데
커피 맛있어요~  굿굿!
남편은 유당알러지있어서 
스페니쉬라떼(두유버전)
저는 사장님 추천으로 오레그랏세먹었는데
위에 에스프레소랑 우유랑 같이먹으니까
정말 맛있었어요^^^*"
C042,우노커피랩,2040177290,3,커피가쌉싸름하면서맛나구요~~^^온도도딱좋고^^사장님이정말좋으셔요~~^^프랜차이즈만다니다가..오랫만에앉아서여유롭게마셨는데..정말편안하고좋았어요~~저희동네커피맛집으로임명합니다^^와보세요넘나좋아요♡
C042,우노커피랩,2040177290,4,커피 맛있어요!! 에스프레소 메뉴도 다양해요
C042,우노커피랩,2040177290,5,"커피가 정말 맛있어요
가격을 이렇게 싸게 파셔도 되나 싶을 만큼 너무 값진 맛입니다~
분위기도 너무 좋아서 앞으로도 종종 오려구요! 
콘파냐 강추합니다! 
(버전이 두가지라더라구요 전 기본으로 먹었는데 요거트맛 나는 더 부드러운것도 있대요 사장님이 알려주심)
아부지 연세의 사장님이 커피 내려주시는데 너무 맛있고 감각적입니당 강추!"
C042,우노커피랩,2040177290,6,"우연히 들어온 카페인데 인테리어도 너무 세련되고
뭐니뭐니해도 커피 맛이 넘 좋습니다. 커피에대한 사장님의 철학이 느껴져요 👍🏻👍🏻 디저트도 귀여워요 ㅋㅋ번창하세요! 오래오래 찾아오는 단골이 될거 같아요"
C042,우노커피랩,2040177290,7,오며가며 지나치다가 매장분위기가 따뜻하게 느껴져서 들렀어요~^^ 직원분도 친절하시고! 커피는 아이스카페라떼 주문했는데 제가 좋아하는 산미없는 원두인거 같아서 더 마음에 들더라구요! 조용한 매장안에는 화장실도 갖춰져 있고! 주차도 가능한 곳이라 동네가 아니더라도 들르기 좋은 카페 같아요~^^
C042,우노커피랩,2040177290,8,"컵이 다른집보다 작고 가격도 적당한거같아요.
커피맛도 괜츈!"
C042,우노커피랩,2040177290,9,우연히 들렸는데 조용하고 좋았어요. 커피도 맛있고요|~~
C042,우노커피랩,2040177290,10,"어머~~~~~여기 찐한 라떼맛집이예요.
해운대에서 13,000원커피도 마셔봤는데 거기만큼 진하고 커피향강한 라테네요.
치즈케잌 너무귀엽고 치즈 아이스크림 먹는 느낌^^
인테리어가 고급지고 조명도 세련되었네요.
주차장까지있어서  오기도 좋네요
굿굿굿"
C044,그레이핍플 역북점,2095878008,1,역시 맛난 그레이라떼 다시 또 와서 먹어도 맛있네요 자주 와서 먹고 싶은 맛이네요 ㅋ 사장님도 친절 하시고 가게 분위기도 좋네요 번창 하세요^^
C044,그레이핍플 역북점,2095878008,2,그레이핍플 두번째 방문입니다 :) 매장 안에도 모던하고 사장님도 친절하시고 특히 시그니처 얼그레이바닐라콜드브루라떼 진짜 맛있어요 👍 시그니처 음료 다 먹어보고 있는데 다음엔 말차 먹어볼려구요 ^^
C044,그레이핍플 역북점,2095878008,3,얼죽아로서 영하의 날씨에도 아아를 주문했는뎅 사장님께서 친절하게두 손시려울 거라구 비닐 포장해주시는 배려를ㅠㅠ이거슨 감동 오브 더 감동입니당! 설날이라규 약과두 살포시 넣어주시구우ㅠㅠ새해에 더더더 번창하셔요! 새해 복 마니마니 받으셔용🙏맛난 커퓌 잘 마셨습니당:) 감사합니당!
C044,그레이핍플 역북점,2095878008,4,가격도 좋고 분위기도 좋고 무엇보다도 시간을 잘 몰라서 마감 시간을 넘겨서 나가게 됐는데 화 내지 않고 끝까지 기다려주셔서 정말 감사했어여 !! 정말 좋은 카페입니더 ㅎㅎ
C044,그레이핍플 역북점,2095878008,5,이 가게 그레이라떼 강력 추천 이예요 맛있고 다른 카페에서는 없는 이 집만에 베스트 메뉴 라고 합니다 많이 파시고 번창하세요 자주 방문 하겠습니다
C044,그레이핍플 역북점,2095878008,6,"미수가루라떼 먹어본 커피숍 중에 최고예요
중간에 먹다가 찍어서 양이 줄었는데요
너무 달지도 않고 고급진 맛이예요
아이들은 초코 쿠키슈랑 바닐라 쿠기슈 잘먹네요
저는 꾸덕한 초코크런키케이크랑 치즈케이크가 너무 맛있어요
제 취향이예요
오픈한지 얼마 안되었다는데 맘에 들어서 자주 올것 같아요^^"
C044,그레이핍플 역북점,2095878008,7,커피 산미 없이 너무 맛있어요.
C044,그레이핍플 역북점,2095878008,8,저번에 아메리카노 테이크 아웃할때도 맛있어서 매장에서 시그니처 음료 먹었는데 너무 맛있고 인테리어도 모던하게 이쁘게 되어 있고 분위기도 너무 좋아요 😍 다음에 또 오께요 :)
C044,그레이핍플 역북점,2095878008,9,저렴하니 좋아요~!
C044,그레이핍플 역북점,2095878008,10,"사장님 넘  이쁘고 친절해요~~~^^
춥다고하니 바로 난방 올려주시네요~~
깔끔하고 깨끗하고 음료도 맛있네요~~
가성비도 좋구~~~  근처니깐 자주
이용할듯요~~~~~~~^^"
C044,그레이핍플 역북점,2095878008,11,"안녕하세요 그레이핍플커피 역북점입니다! 오늘도 GrayPippleCoffee를 이용해주셔서 감사합니다! 모든 음료와 베이커리가 맛있는 그레이핍플커피 최상의 스페셜티 블렌딩 원두를 사용한 Coffee와 그레이핍플에서만 맛볼 수 있는 다양한 디저트도 있습니다! 다음에도 더 맛있고 정성스러운 커피와 디저트를 가져다 드릴 수 있도록 노력하는 그레이핍플 역북점이 되겠습니다😊 맛있으셨다면 다음에 또 저희 매장을 찾아주시면 감사하겠습니다 ಎ GrayPippleCoffee, Stop Thinking, Just Drink"
C045,팜스보드게임 명지대점,1416645486,1,"8살 아이랑 뭐할지 고민하다가 처음으로 와봤는데 보드게임 종류가 엄청 많아요!
시설이 엄청 깔끔한 것도 좋고 음료랑 케이크도 전문점만큼 맛있네요 직원분들도 다들 친절하셔요! 
아이가 또 오자고 해서 다음에도 이용하려고 합니다‘😉🙏🏻"
C045,팜스보드게임 명지대점,1416645486,2,"보드게임하러 자주 오는 곳인데 쾌적하고 단체 모임하기 좋습니다👍
무엇보다 저렴한 금액으로 무제한 게임 가능한게 너무너무너무 맘에 드네요☺️"
C045,팜스보드게임 명지대점,1416645486,3,"시설이 너무 깔끔하고 지금 핫 이벤트 너무너무 좋아요 :)
특히 너무 친절하셔서 기분이 너무 좋아요.
역북동에서 착한가격에 가성비 있는 보드게임장인거 같아요!! 강추해요!"
C045,팜스보드게임 명지대점,1416645486,4,"​매장도 항상 깔끔하게 관리되어 있고, 아이들이 좋아하는 맛있는 간식과 음료가 많아서 입도 즐거운 곳입니다. 아이들에게 즐거운 추억을 만들어 줄 수 있어 늘 감사한 마음으로 방문하고 있어요. 앞으로도 쭉 자주 방문할 예정입니다!"
C045,팜스보드게임 명지대점,1416645486,5,"며칠 전에 왔다가 정말 재밌게 놀고 또 놀러왔어요!ㅎㅎ 게임도 많고 카페, 음식 다 맛있고 친절하셔서 잘 놀고 가요!ㅎㅎ"
C045,팜스보드게임 명지대점,1416645486,6,"보드게임 할 때 간단하게 방문하기 좋은 팜스보드게임카페 ! 
2~3시간 정도 게임하기 좋아요 ! 
다음에 또 방문하고 싶어요 〰️"
C045,팜스보드게임 명지대점,1416645486,7,매장도 깔끔하고 게임 종류도 다양해서 재밌어요! 무제한 요금이 있는게 진짜 킥이네요ㅎㅎ 종종 이용하겠습니다!
C045,팜스보드게임 명지대점,1416645486,8,"깨끗하고넓고 무엇보다.. 음료랑 음식이 맛잇어여
에어컨도 빵빵 🩷"
C045,팜스보드게임 명지대점,1416645486,9,"집 근처인데, 처음 와봤는데 넘 좋네요! 일단 넓직해요~ 아이들 2층 좋아하잖아요~ 보통 2층은 좁은데 넓직하고 2층에서 160어른 서있어도 머리 쿵 안해요! 창가쪽 자리가 많아서 답답하지 않고 운치있고 좋아요! 친절하시구요~~자주 올 것 같아요!"
C045,팜스보드게임 명지대점,1416645486,10,​아이들이 너무 좋아해서 주말마다 출석 도장 찍는 곳이에요! 룸 타입이라 아이들과 남 눈치 안 보고 편하게 웃고 떠들며 게임할 수 있어서 정말 좋습니다. 게임 종류도 많고 매장도 쾌적해요.
C046,웰빙카페,1358786585,1,"언제와도 따뜻한 분위기의 카페.
차맛은 물론 디저트도 훌륭한 곳.
오늘도 역시입니다.
현미가래떡도 건강약식도 든든한 단팥죽까지.
잠시 쉬어가세요~~^^"
C046,웰빙카페,1358786585,2,"용인에 와서 와이프와 카페 투어 중 찾아가게 된 카페
따뜻한 분위기의 편안한 카페였어요
정원도 있고해서 볼거리도 있고 조용히 시간 보내며 힐링하기 좋은 카페인것같네요
핸드드립커피의 향과 맛이 특히 기억에 남았습니다

카페에 들어가니 소심이 강아지가 반겨주네요
얌전하고 매너 좋은 강즤였음! (사장님이 강아지 좋아하냐고 물어보고 강즤를 데리고 와주셨어요)

분위기와 커피맛이 너무 좋아서 다음에 또 찾아올것같습니다"
C046,웰빙카페,1358786585,3,친구가 분위기 좋은 카페 있다고 해서 같이 왔는데 불멍도 할 수 있고 너무 좋았어요~가래떡구이  있는것도 신기해서 주문해보고 약간 감기기운도 있어서 쌍화차 마셨네요 친구랑 이런저런 얘기 하면서 편한 시간 보냈습니다~~
C046,웰빙카페,1358786585,4,"근처에 볼일 있어서 가다가 분위기 좋은 카페가 있어서 들려봤어요~ 겨울 분위기가 물씬 풍겨서 좋더라구요🩷 
따뜻한 핸드드립에 현미가래떡 구이도 별미죠~ 특히, 에티오피아 커피가 진짜 향이 좋더라구요👍 오랜만에 따뜻하게 시간 잘 보내다 갑니다~ 다음에 또 올게요!"
C046,웰빙카페,1358786585,5,편안한 분위기에 반하고 자수에 반해서 2번째 방문으로 여유를 만끽하고 있습니다. 사장님 너무 친절하시고 원데이 자수도 배울겸 와서 시간보내고 갑니다. 오면 시간가는줄 모르고 머물다가네요~~가래떡구이는 무조건 맛보아야 한답니다!!!😁
C046,웰빙카페,1358786585,6,정말 아늑하고 편안한 카페입니다. 지인과 함께가서 라떼와 가래떡구이를 먹었는데 커피도마싯고 떡구이도 맛있고 이야기 하기도 편안해서 기분좋게 방문했습니다 ^^  겨울에 더 따뜻한느낌이 드는 카페네요~
C046,웰빙카페,1358786585,7,분위기 좋은 카페를 찾아보다가 가게 되었어요. 아주 만족했네요. 숲속카페에서 단팥죽 하나먹고 쌍화차 먹는 기분이네요. 현미가래떡구이 너무 맛있어요. 분위기는 고즈넉하고 아늑해서 친구들이나 가족에게도 추천해야겠어요. 최고
C046,웰빙카페,1358786585,8,동료가 추천해서 왔습니다~숲속 고즈넉한 카페에서 난로 불멍과 함께 갓볶은 원두로 내린 핸드드립커피 한모금 힐링이 따로 없네요 향이 너무너무 좋아서 기분까지 좋아져요 커피 잘은 모르지만 지금까지 마셔본 커피중에 제일 맛있는것 같아요!
C046,웰빙카페,1358786585,9,"지인분을 통해 알게된 레드브릭~~
친절과 미소가 몸에 뵌 사장님은 늘 좋은말 예쁜웃음을 보여주십니다.
우연치않게 프랑스 자수도 배우게 되어 어쩜 찐 단골이 될듯싶네요❤️
들기름에 구운가래떡과 대추차는 진짜 꼭 오셔서 먹어봐야할 찐 궁합^^~~
레드브릭 101👍👍👍"
C046,웰빙카페,1358786585,10,수정산 왔다가 하산후 찾아서 왔습니다~  조용한 예쁜카페를 좋아하는데 딱 맞아 떨어지네요. 불멍도 하고 사장님이 주신 군고구마도 먹고 최고입니다~ 이렇게 집중이 잘 되는 조용한 예쁜 카페에서 편히 쉬다 갑니다~ 쌍화차 좋아하는데 진하고 맛있습니다!! 최고! 계절이 봄가을이면 밖에 정원도 오픈한다고 하네요~
C047,도노커피 용인시청점,1071564020,1,피스타치오라떼 좋아하는데 집 주변에선 찾기 힘들었는데 시청 올 일 있을 때 먹기 좋아요
C047,도노커피 용인시청점,1071564020,2,라떼가 맛있어요~~
C047,도노커피 용인시청점,1071564020,3,"주문이 들어온걸 모르시는듯.. 
한참 기다리다가 주문이 계속 안나와서 말했더니 
뒤늦게 받긴 했는데 급히 하느라 안은 덜 익었.."
C047,도노커피 용인시청점,1071564020,4,"키오스크 결제 후 텀블러 할인을 받을 수 있다는 것을 인지하여 취소 재결제 요청하였으나 텀블러 할인이 되어 있지 않아 1시간 후 재방문하였습니다
본인의 실수로 인해 재방문을 하였는데 사과의 말이나 여타 결제가 완료 되었다는 등의 안내사항이 없었습니다
몹시 불쾌하네요"
C047,도노커피 용인시청점,1071564020,5,커피 맛있어요~~^^
C047,도노커피 용인시청점,1071564020,6,커피가 가성비 짱
C047,도노커피 용인시청점,1071564020,7,시청 유일의 카페 맛있고 친절함
C049,슬로,1826166263,1,샌드위치 진심인 곳~ 리코타 샌드위치 강추!!
C049,슬로,1826166263,2,샌드위치 맛집 입니다~ 정말 가격대비 안에 내용이 넘칠정도이니~ 최고 입니다~ 자주 갈게요
C051,애플하우스,31378381,1,"스테이크 샐러드 너무 맛있네요!! 까르보나라도 아주 고소합니다. 음료도 같이 시키면 할인돼요!!  저녁 시간에는 예약이 많네요~ 주차도 편하고, 인테리어도 멋지고, 친절하셔서 기분이 좋습니다 ^^"
C051,애플하우스,31378381,2,"가끔오는데 인테리어도 좋고 대화하기나
음식맛도 맛있어여"
C051,애플하우스,31378381,3,"피자도 맛있고  생과일 주스 맛있어요
친절해서 너무 기분 좋아요
매장내 인테리어도 편안했어요"
C051,애플하우스,31378381,4,"가고싶은 곳, 맛이 생각나는곳.
애플하우스에 오랜만에 방문했다.
점심시간이 끝나갈 무렵인데 빈자리 탁자가 없다
조금 후에 자리잡고앉아 스파게티 세개, 피자 하나, 샐러드 하나를 주문했다. 식재료가 신선하고 알차며 맛은 최고다. 남김없이 그릇을 비웠다. 사진을 잘 챙기지 못해 아쉽다. 언제나 먹어도 또 먹고싶은 애플하우스의 메뉴들. 좋다."
C051,애플하우스,31378381,5,매일 먹고 싶은 애플하우스 용인 숨은 맛집
C051,애플하우스,31378381,6,파스타 맛집입니다!! 컨셉도 독특하고 분위기도 좋고 음식도 맛있어요~ 화장실에 시원하게 선풍기를 틀어놓는 센스 ^^ 다음엔 피자를 먹어봐야겠어요.
C051,애플하우스,31378381,7,매운 까르보나라 파스타. 매워서 맛있어요!!! 불고기샐러드피자랑 같이 먹으면 꿀맛이네요.
C051,애플하우스,31378381,8,"10시부터 오픈이라 보건소 갔다가 들렸어요!
식전빵도 주시고, 맛도 괜찮았어요"
C051,애플하우스,31378381,9,"우리 부부가 인정한 용인시청 맛집 !
오늘은 불고기피자, 알리오올리오, 단호박 파스타 이렇게 시켰는데 여전히 맛 좋더라구요.
가끔씩 생각나는 맛이라 종종 들려요-"
C052,아이갓에브리씽 용인교육지원청점,1605546979,1,직원들이 친절하고 음료도 맛있어요! 잘 쉬었다 갈게요~
C052,아이갓에브리씽 용인교육지원청점,1605546979,2,커피 진한것같아요ㅎ
C052,아이갓에브리씽 용인교육지원청점,1605546979,3,테이크아웃하기 좋아요~~
C052,아이갓에브리씽 용인교육지원청점,1605546979,4,"우연히 방문하게 된 아이갓에브리씽
음료가 맛있네요."
C052,아이갓에브리씽 용인교육지원청점,1605546979,5,텀블러 가져가면 300원 할인도 해줘요
C052,아이갓에브리씽 용인교육지원청점,1605546979,6,편하게 이야기하기  좋아요^^
C052,아이갓에브리씽 용인교육지원청점,1605546979,7,교육지원청 별관1층 커피숍
C054,폴바셋 용인시청DT점,1574828301,1,라벤더 아이스크림을 먹기위해 할 수 없이 이용. 2층 사람 많음.
C054,폴바셋 용인시청DT점,1574828301,2,역시 폴바셋은 아이스크림이죠
C054,폴바셋 용인시청DT점,1574828301,3,"시간을 올차게 보낼수있는 장소 폴바셋
직원님들 친절하고 커피맛 아주 그만인 카페
들를때마다 만족하는 카페 폴바셋이다
밀크소프트아포가토맛 좋다
아이스크림 진짜 소프트하다
에스프레소맛 진하고도 은은하다
다양한 메뉴를 즐길수있어 좋은곳이다"
C054,폴바셋 용인시청DT점,1574828301,4,"26. 4.28.

신메뉴 
아사이베리요거트. 7,500
라벤더 아이스크림 블루베리라떼  7,900
식사후라 많이 못 마실거 같았는데
맛있어서 금새 다 마셨어요
색도 이쁘고 맛도있고
두마리 토끼 다 잡았네요 ㅎ"
C054,폴바셋 용인시청DT점,1574828301,5,"폴바셋 아이스크림 먹으러 왔어요~~~~^^
밀크티도 안달아서 굿~~~~!!"
C054,폴바셋 용인시청DT점,1574828301,6,"아쿠림라떼♡
인테리어도 깔끔하고 편해요"
C054,폴바셋 용인시청DT점,1574828301,7,커피 부드러워요
C054,폴바셋 용인시청DT점,1574828301,8,룽고 찐하고 맛있네요 ^^♡
C054,폴바셋 용인시청DT점,1574828301,9,"오랜만에 남편이랑 저녁먹고 커피마시러 들렸어요~
시즌룽고메리코코 커피 정말 맛있네요!
특히 티라미슈케이크와 같이 먹으니 더 
맛있고 조용해서 대화하기 좋았어요^^
2층은 자리도 넉넉하고 인테리어도 예뻐서 데이트 장소로 추천합니다🫰😊"
C054,폴바셋 용인시청DT점,1574828301,10,"조용하게 이야기나누기 좋아요!
테이블은 불편합니다.
음료는 맛있어요"
C055,컴포즈커피 용인시청점,2054226170,1,맛있어요. 매장도 넓어서 잠시 쉬었다가기 좋게생겼어요.
C055,컴포즈커피 용인시청점,2054226170,2,"매장에 앉아서 마시고 싶었는데 다른 매장이랑 다르게 테이크아웃보다 매장 이용이 1,000원씩 다 비싸요
참고하시고 방문하세요~"
C056,메가MGC커피 용인더트리니호텔점,2078608492,1,"굿굿
새로 오픈했길래 와봤어요:)
많이 파세요"
C058,길과사람,1117349442,1,"안주도 맛있지만
사장님 넘넘 친절하세요"
C058,길과사람,1117349442,2,폴바셋가려다 우연히 이용했어요가.가볍게 마시기 좋고 친절해요.
C058,길과사람,1117349442,3,"쥐포에도 정성이 느껴집니다~
늘 친절하시기에 지나가다 배불러도 맥주한잔하러 들어가는 곳입니다^^
맥주도 맛나고 여러잔 먹게되는곳~
잘먹었습니다^^"
C058,길과사람,1117349442,4,사장님 친절하시고 서비스도 좋아요~~
C058,길과사람,1117349442,5,"동네에 이렇게 아늑한곳이 있을까요?
가볍게 무겁게 다녀오기좋은곳~
사장님들이 친절하기까지 하시니 더더욱 좋은것 같아요!!
이번엔 가볍게 시켰지만  모든 안주가 다 맛난것같아요~
번창하세요~
또들를께용♡"
C058,길과사람,1117349442,6,좋아요!!
C059,그카페그커피,1950683474,1,용인에서 수제커피중 맛난곳~
C059,그카페그커피,1950683474,2,"커피 열매를 보고 싶을땐~

향 가득 맛난 커피호텔과
클래식 원음이 듣고 싶을땐

꼭 한번 가면 감동 받을 커피 명장 카페"
C059,그카페그커피,1950683474,3,"커피의 명장과
클래식을 편히 클래식하게 들을수 있는 곳"
C059,그카페그커피,1950683474,4,오랜만에 들렸는데 역시 커피가 맛있네요
C059,그카페그커피,1950683474,5,커피 정말 맛나요
C059,그카페그커피,1950683474,6,커피가 참 맛있어요
C059,그카페그커피,1950683474,7,커피가 정말 맛있어요
C059,그카페그커피,1950683474,8,"커피 정말로 맛나요
거기다 친절 하기도 하십니다"
C059,그카페그커피,1950683474,9,디 카페인 커피 정말 맛있어요
C060,카페 오굿,1213027633,1,버터떡 맛있네요~~
C060,카페 오굿,1213027633,2,"선물 받아서 너무 맛있게 먹었는데 계속 생각이 나서 결국 참지 못하고 다음 날 바로 매장으로 달려갔어요😊

고구마 케이크는 처음 먹어봤는데 
고구마 본연의 달콤함은 살아 있으면서도
과하게 달지 않아서 끝까지 부담 없이 먹기 좋았고,

너무너무 맛있는 바스크 치즈 케이크!!!
단맛이 강하지 않고 촉촉하게 치즈의 고소함이 중심이 되는 스타일이라 몇 입만 먹어도 만족감이 꽤 높은 케이크였어요❤

너무 잘먹었습니다! 다음에 재방문 할게요~!"
C060,카페 오굿,1213027633,3,"개업 이후 최고 호평 리뷰에  감사드립니다
""저희 카페 홍보대사는  바로 고객님! 입니다""
슬로건 처럼  시종일관  최고의 맛과 서비스로
보답하겠습니다."
C060,카페 오굿,1213027633,4,"쌍화탕 진짜 최고네요 음료보다 한약에 가까운 맛이에요ㅎㅎ 많이 달지도 않고 잣도 많이 띄워주시고 한방맛이 깊고 진해서 앓던 감기가 다 낫는 기분이네요. 노른자도 띄워주시는 것 같은데 저는 빼고 먹었어요 진짜 최고 ....
원래 케이크만 사먹던 집이었는데 음료도 최고네요!!!
서비스로 주신 커피콩빵도 겉바속촉 너무 맛나요 강릉꺼보다 더 맛있어요~"
C060,카페 오굿,1213027633,5,"쌍화차 호평 리뷰는 처음 인듯 합니다
남녀노소 고객님이 오시지만  1층이라  특히
연세 있으신 분들이  편해서 많이 오셔서 드시는
메뉴인데 리뷰를 남기신 경우는  없었는듯 합니다
감사드립니다 
 변함없이  건강을 생각한 메뉴ㆍ맛과 서비스로 보답해 드리겠습니다"
C060,카페 오굿,1213027633,6,커피 맛도 좋고 케잌도 맛있어요 커피콩빵도 맛보라고 주셨어요
C060,카페 오굿,1213027633,7,"용인 일대에서 찾아보기 힘든 케익하우스입니다. 사장님께서 직접 만드신 케익과 빵, 청으로 만든 다양함 음료가 있습니다. 케익이 많이 달지 않으면서 너무 맛있어요."
C060,카페 오굿,1213027633,8,"극찬 리뷰에 감사드립니다.
누구신지는 잘 모르겠지만 저의 가게가 추구하는
진심을 그대로 표현해 주셔서 더할 수 없는 칭찬과 격려에 힘이 되고 더 잘 해야겠다는 각오를 다져봅니다."
C060,카페 오굿,1213027633,9,아이스라떼 얼음이 우유라 녹아도 맛있어요
C060,카페 오굿,1213027633,10,"감사합니다. 
많은 분들이 우유얼음에 깜짝 놀래시곤한데 리뷰글은 처음입니다.
일반 타 카페와는 차별화한 우유 얼음을 넣어서 우유의 고소한 맛을  마지막까지 느끼실 수 있을거예요.
자주 찾아주십시요. 다시 한번 감사드립니다."
C060,카페 오굿,1213027633,11,친절하세요
C060,카페 오굿,1213027633,12,"감사합니다. 고객님이 저희 홍보대사 입니다.
자주 찾아와 주시고 좋은 점은 많이 홍보 부탁드려요."
C060,카페 오굿,1213027633,13,"딸이랑 운동하러 나왔다가
국내산 통팥을보고
오굿으로
빙수 먹으러 그냥 들어옴
맛있고 
친절하시고
깨끗하고
분위기 밝고
만족
맛있어요
많이 놀러오세요👍"
C060,카페 오굿,1213027633,14,"방문해 주시고 칭찬 리뷰글까지 남겨주심에 감사드립니다.
무더위 건강관리 잘하시고 자주 찾아주십시요.
저희 카페 홍보대사는 바로 고객님입니다."
C060,카페 오굿,1213027633,15,밀크아이스
C060,카페 오굿,1213027633,16,칭찬 리뷰 감사합니다.  보다 나은 맛과 서비스로 보답 하겠습니다. 자주 방문해 주십시요.
C061,메가MGC커피 삼가역점,1342574627,1,어디 가나 이제는 쉽게 찾을 수 있는 메가커피 매장이에요. 전국에 4천여개 매장이 있으니 이제 필요하고 찾을 수 있는 곳에 다 위치한 듯해요. 메가커피 삼가역점도 도로변에 위치하고 있지만 잠시 주차도 할 수 있긴합니다. 오전 중에도 이용하려 들어가니 사람들이 많고 주문도 많이 밀려 있네요. 신기합니다. 앉을 좌석도 있어서 미팅도 잠시 가능하고요.~~ 횡단보도 앞에 위치하여서 오며가며 커피 한 잔 들고 가기 딱 좋습니다.!! 사장님 직원분 친절하세요. 잘 이용합니다~
C061,메가MGC커피 삼가역점,1342574627,2,아주 깔끔하고 키오스스크도 두개라 좋아요 :>
C061,메가MGC커피 삼가역점,1342574627,3,사장님 너무 친절하세요~ 최근에 오픈해서 그런지 매장도 깔끔해요! 패스오더도 사용 가능하면 단골될 것 같아요!
C061,메가MGC커피 삼가역점,1342574627,4,집 근처기도하고 가성비가 좋아서 자주와여~
C061,메가MGC커피 삼가역점,1342574627,5,"차를 타고 가면서 생각을 해본다.
'안 빨리네, 이거!'
너무 달고 마실 수도 없는 팥빙 젤라또 파르페.
우유를 빼먹은 건 아닐까?"
C061,메가MGC커피 삼가역점,1342574627,6,매장 깔끔하고 적립도 가능해요👀
C061,메가MGC커피 삼가역점,1342574627,7,"방앗간왔다가 기다리는시간에 한잔합니다
새해복많이받으세요"
C062,카페9.1,1231635420,1,까페구쩜일 너무 좋아요 ! 매일 주일마다 일용할양식을 근사한 곳에서 먹는 기분을 선물받는 느낌이에요
C063,커피에반하다 용인삼가역점,1049135950,1,"커피가 산미없는 고소한 바디감의 커피라 개인적으로 너무 좋았어요~ 
디저트로 허니브레드 먹었는데
겉바속촉 생크림 듬뿍 달달하거ㅣ 먹으니 커피랑 찰떡!!
딸기라떼도 맛있고 무엇보다 요즘 구하기 힘든 두쫀쿠는
카다이프가 진짜 가득해서 다른 두쫀쿠보다 개인적으로 더 맛있더라구요~
말차두쫀쿠는 처음 먹어봤는데 말차의 쌉싸름함이 두쫀쿠랑 은근 잘어울려 놀랬어요ㅋㅋㅋ
갸또리즈는 처음 먹어봤는데 쫀득함 식감에 부드러우 생크림이 의외로 잘어울리는 달콤한 디저트더라구요
조용한 분위기에 커피마시기 좋아 자주 방문할꺼같아요"
C063,커피에반하다 용인삼가역점,1049135950,2,"방문해주셔서 감사드리고,
이렇게 정성스런리뷰 또한 감사드립니다.
앞으로도 만족드릴 수 있도록 노력하겠습니다."
C063,커피에반하다 용인삼가역점,1049135950,3,"3주만에 다시 사먹어봤는데 이제 진짜 최고네여 ...
피 정말 얇고 스프레드 가득해서 촉촉하고 진짜 맛있어여
카다이프도 많이들어갔숴요 다른가게 오픈런 안 해도 될거같은맛입니다"
C063,커피에반하다 용인삼가역점,1049135950,4,"방문해 주셔서 감사합니다.
지난번 실망을 드렸음에도 불구하고 다시 한번 찾아와주시고 소중한리뷰 달아주셔서 정말 감사합니다.
앞으로 더욱 더 만족드릴 수 있도록 노력하겠습니다."
C063,커피에반하다 용인삼가역점,1049135950,5,"매일 만드신다는 두쫀구가 미친 곳.
평택사는데.용인 볼일보러 갈때마다 들립니다.
피가 얇고 속이 꽉찼어요."
C063,커피에반하다 용인삼가역점,1049135950,6,"맛있게 드셨다는 말씀이 가장 큰 힘이 됩니다. 감사합니다! 항상 정성을 다하겠습니다.
오늘 하루 행복하게 보내세요^^"
C063,커피에반하다 용인삼가역점,1049135950,7,"두쫀쿠 보고 드세요 ... ㅎㅎ...
스프레드양이 너무 적은건지... 카다이프가 많은건지...(대체면인거같아여)
화이트초콜렛은 풀어지지않아서 뭉쳐있고 촉촉함은 없는 두쫀쿠입니다ㅜ
레시피를 더 연구해야 할거같아요ㅠ"
C063,커피에반하다 용인삼가역점,1049135950,8,"방문해 주셔서 감사합니다.
맛과 식감은 개인 취향에 따라 다르게 느껴질 수 있는 점 양해 부탁드립니다.
소중한 의견 감사드리며 더 만족드릴 수 있도록 노력하겠습니다."
C063,커피에반하다 용인삼가역점,1049135950,9,"두쫀쿠가 다른데 대비 기대만 못함
비쌈"
C063,커피에반하다 용인삼가역점,1049135950,10,"방문해 주셔서 감사합니다.
두쫀쿠는 고급 원재료와 수작업 공정으로 제작되어 가격이 형성되어 있으며, 맛과 식감은 개인 취향에 따라 다르게 느껴질 수 있는 점 양해 부탁드립니다.
소중한 의견 감사드리며 더 만족드릴 수 있도록 노력하겠습니다."
C063,커피에반하다 용인삼가역점,1049135950,11,"커피도 맛있고 가성비도 짱
간단한 커피타임 딱이네요 
자주가는 커피숍 입니다"
C063,커피에반하다 용인삼가역점,1049135950,12,시원하고맛있어요
C063,커피에반하다 용인삼가역점,1049135950,13,가성비 죽입니다 ㅎ
C063,커피에반하다 용인삼가역점,1049135950,14,커피에 반하다~~^
C064,궁촌커피로스터즈,1210281462,1,"커피에 진심인 까페지기의 직접 로스팅한
커피 맛과 친절함에 빠져서 다시 방문해야
할 것같은 이 곳 궁촌커피로스터즈~!

주차도 생각보다 할 곳이 많아서 지나가는 길에
잠시 들려서 창밖을 바라보다보면 어느덧
시간은 훌쩍 지나있을지도 모른다

오늘도 잘마시고 갑니다"
C064,궁촌커피로스터즈,1210281462,2,"큰 맘 먹고 게이샤를 주문했습니다~ 
정말 정성껏 내려주셔서 몇년만에 게이샤를 맛봤네요 ㅎㅎ 다음엔 테이크아웃말고 카페 내에서 마시고 싶다는 생각이 드네요ㅎㅎ 
감사합니다~"
C064,궁촌커피로스터즈,1210281462,3,"궁촌라떼, 솔트크림라떼 맛있어용 추천드립니당♡♡"
C064,궁촌커피로스터즈,1210281462,4,"정말 오랜만에 방문한 궁촌. 역시 맛있었어요. 건강 이슈로 카페인을 먹을 수 없어 디카페인 드립 커피를 주문했는데 과일 향, 산미가 디카페인인게 믿을 수 없을 정도로 맛있더라고요! 💗 앞으로 종종 다시 방문할 듯해요. 여전히 앙버터 스콘 맛있고, 센스 있게 잘라주셔서 감사했습니다!"
C064,궁촌커피로스터즈,1210281462,5,커피 맛있어요
C064,궁촌커피로스터즈,1210281462,6,커피가 맛 있어요
C064,궁촌커피로스터즈,1210281462,7,커피가 맛있어요
C064,궁촌커피로스터즈,1210281462,8,"항상 맛있어요 
맛있는 커피 마시고 싶을 때마다 궁촌으로 갑니당"
C065,처인재,2008820163,1,"인테리어가 너무 잘 되어있고 뷰도 짱짱 좋아요!! 
일단 들어가면 매장이 넓구요 커피랑 음료도 빨리나와서 너무너무 좋았어요!!  그리고 디저트도 짱이랑 케이크랑 다양해서 좋았구요 사장님도 친절하셔서 다음에 또 지인들이랑 오려구요 ☺️"
C065,처인재,2008820163,2,"커피가 진하고 맛있어요~! 🧡🩵💙🩷💜🤍
베이커리가 다양한데 벌써 많이 나갓더라구요! 
다음에 다른 빵들도 맛보고싶어요 😆"
C065,처인재,2008820163,3,"분위기가 정말 독특한 컨셉의 카페
곳곳에 전시된 그림들도 자유롭게 구경할 수 있어서 
단순히 커피만 마시는 공간이 아니라 작은 갤러리에 온 느낌!

특히 의자가 정말 편안해서 오래 앉아 대화하기 좋음
조용하고 아늑한 분위기~~"
C065,처인재,2008820163,4,"점심 식사후  바로 옆 커피숖방문
친절함에  놀랍고 겔러리 (?) 분위기
우리쌀 로 만든빵  ~~
커피한잔에  그림감상
행복한 시간 입니다
담에  또 옵니다^^
강추^^"
C065,처인재,2008820163,5,"오픈전 인테리어 할 때부터 눈여겨 봤어요
무슨 매장일까
직접 와보니 카페가 넘 깔끔하고 이뻐요🩷
주차장 이용 편해서 좋고
빵마다 다 맛이 좋아요👍
레드자몽에이드도 진하고 맛있었어요👍
늦은 시간이라 커피를 못마셔서ㅠ 
커피맛 보러 또들릴게요~~~"
C065,처인재,2008820163,6,"#용인카페#처인구카페#카페맛집#노버터노설탕빵#빵지순례
동네여서 감사한 커피맛집♡
한달밖에안됐는데
몇번째인지♡"
C065,처인재,2008820163,7,"우연히 방문하게 된 처인재 카페.
맛있는 베이커리와 커피는 물론, 분위기와 인테리어까지 너무 좋았어요.
공간 곳곳에서 멋진 작품도 감상할 수 있어 더 특별하게 느껴졌습니다.
다음에 또 방문하고 싶은 곳이에요 :)"
C065,처인재,2008820163,8,"탁트인 통창으로 보이는 풍경도 좋고
식사 후 차 마시러 오기 좋네요.
빵도 맛있어요"
C065,처인재,2008820163,9,"예쁘고 깔끔해서 맘에 들어요
오늘은 커피에 무화과얼그레이케이크~
케이크👍 적당한 단맛이 부트러운 커피랑 넘 잘어울려요~~
맛이 너무 좋아요💕"
C065,처인재,2008820163,10,"분위기 좋고 음료가 맛있어요!!
2층에서는 전시도 운영하고 있어서 독특해요"
C066,카페586,1688125276,1,"사장님도 너무 친절하시고
두바이쫀쿠가 품절이여서 아몬드 쫀득볼을 사왔는데...
하나만 사온걸 후회했어요 ㅠㅠㅠ
ㅠㅠㅠ진짜 너무맛있고 오픈런해서 쟁여놓고싶은맛!!
겉에 쫀득한 피도 두껍지않아서 너무좋고
두바이 티그레도 너무맛있고 좋았어요!!
처인구 두바이쫀득볼 맛집이에요!!"
C066,카페586,1688125276,2,"삼가동 두바이쫀득쿠키 맛집!!
근데 아몬드 쫀쿠도 진짜진짜맛있어요!
아몬드는 네이버포장예약이 가능하니까
먼자 포장예약하고 매장가서 두쫀쿠 현장구매하는걸 추천드려요!!
두바이만큼 아몬드도 짱맛!
집앞에 두쫀쿠 맛집이있어서 행복해여🧡"
C066,카페586,1688125276,3,"이날 손님이 오셔서 디저트류만 구매했는데, 
정말 거짓말 안하고 다 맛있었어요~ 
집 근처에 이렇게 디저트 맛있는 카페가 있는지 몰랐네요! 자주 방문하겠습니다~"
C066,카페586,1688125276,4,아담하면서 개성있는 카페입니다~~^^
C066,카페586,1688125276,5,성인이 그것도 요식업 종사자분이 싸가지 없다고 느낀 경험은 또 처음이네요 사장님 안 좋은 일 있으셨나요..?
C066,카페586,1688125276,6,"우연히 쫀득볼 판다고 하셔서 한 번 사러 갔다 왔었어요
금액도 다른 곳 비해 착하게 팔아주시고 너무
맛. 있. 어. 요🫶다른 곳 가서 사 먹긴 아까워져요
저번에 가서 10개 산 걸 후회해서 오늘은 20개
(사진은 저번 꺼)"
C066,카페586,1688125276,7,운좋게 유행하는 두쫀쿠와 아쫀쿠를 하나씩 구매했어여ㅠㅠ 586 사장님 손으로 먹을수있어서 너무 행복해요🩷🩷 넘 좋아요 이 카페 손맛이 최고입니다ㅜㅜ 작년에 먹은 슈톨렌도 넘 맛있었는데 올해 구매를 놓쳐서 작은거 샀어요!! 감사합니다:)
C066,카페586,1688125276,8,"짱 맛있어요~~~
개인적인 취향은 아쫀쿠가 더 맛있네요 ㅎㅎ
완전 꼬숩♡"
C066,카페586,1688125276,9,"요즘 두바이 쫀득 쿠키가 계속 인스타에 떠서 너무 궁금했었는데 마침 카페 586에 팔릴래 사먹었어요! 
진짜 너무 맛있습니다….🥹 다들 저 믿고 드셔보세요 겉에 묻은 다크 코코아 가루가 ㄹㅇ 킥이에여 진짜 적당히 달고 최고😻 후회없는 선택입니다🫰🫰"
C066,카페586,1688125276,10,두바이 재구매하러 갔다가 못사서 샀는데 아들이 엄청 좋아함 맛있어요 👍
C069,트리아농,37191645,1,아늑하고 좋은데 영업시간이랑 제가 올 수 있는시간이 맞질 않아서 아쉬워요ㅠㅠ
C069,트리아농,37191645,2,지나가다 테이크 아웃하러 들렀는데 분위기가 좋아서 안에서 마셨어요. 아아가 말로 표현하기 어려운 맛있는 맛이에요. 너무 진하지도 연하지도 않은데 이 집 커피만의 색깔이 있습니다. 블랜딩을 섬세하게 잘 하신 것 같아요. 커피의 존재감이 확실해요. 블랜당이 정말 궁금하네요~ 담에 또 와서 뜨아 마셔보고 싶습니다. 약과 서비스도 감사합니다!
C069,트리아농,37191645,3,잘다녀왓어요
C069,트리아농,37191645,4,분위기 차 다좋아요
C069,트리아농,37191645,5,미르스타디움에서 접근성 좋은 카페 경기 중 목이 말라서 추가로 얼음물 좀 부탁했는데 서비스로 약과까지 주셔서 감동입니다!! 💙🤍❤️
C069,트리아농,37191645,6,오늘 꼭 이겨야됨… 사장님 주문받고 커피만들고 아주 고생많으세요. 빨리빨리 만들어서 많이 파세요 ㅎㅎ
C069,트리아농,37191645,7,"언제나 우리가 너를 위해 노래해
가자 우리모두 함께
너는 우리의 자랑"
C069,트리아농,37191645,8,승격하면 사장님 덕분입니다
C069,트리아농,37191645,9,잘다녀 왔어요
C069,트리아농,37191645,10,친절하고조용하고    커피가  맛있어요
C070,유베이크샵,1700132111,1,"손님들이 오거나 디저트 선물이 필요할 때마다 찾는 유베이크샵입니다🌸
너무 맛있고 도낭시에가 귀여워서 받는 분들마다 좋아해주셔서 제가 더 뿌듯😋
종류도 다양한데 다 맛있어서 그날그날 고르는 재미도 있어요! 개수 맞춰 구매하면 선물포장도 해주셔서 너무 좋아요~~🩷"
C070,유베이크샵,1700132111,2,기분 좋은 선물이 되셨기를요!! 방문해주셔서 감사합니다 ♥️
C070,유베이크샵,1700132111,3,예전부터 방문하던 휘낭시에 맛집입니다!!🌟 처음에는 제가 좋아해서 한두개씩 사먹다가 요즘에는 주변사람들에게 선물용으로 사고있어요. 주변사람들도 알아야 할 도낭시에.. 맛집👍 사장님도 친절하시고 특히 도낭시에 종류가 다양해서 골라먹는 맛도 있답니다 :) 또 방문할게용 사장님❣️
C070,유베이크샵,1700132111,4,"너무 정성스러운 후기에요,,🥹늘 맛있게 드셔주셔서 감사합니다!! 다음에 또 들려주세요 :))"
C070,유베이크샵,1700132111,5,"오랜만에 왔더니 새로나온 맛이 있더라구요???? 말차 녹차 이런거 안좋아하는데 초코나무 맛이길래 안샀는데 사장님이 얼먹으로 주셔서 먹어봤어용🥲..
아니근데 너무 맛있어요!!!!!!!! 안좋아하는 맛인데도 진짜 맛있었어요☺️☺️"
C070,유베이크샵,1700132111,6,특별한 메뉴 도낭시에가 있어요!! 사장님 친절하시고 종류도 다양해서 좋아요 😀
C070,유베이크샵,1700132111,7,기분 좋은 방문이 되셨기를요! 감사합니다 :)
C070,유베이크샵,1700132111,8,갑자기 휘낭시에가 먹고싶어서 근처 있는 곳으로 들어갔는데 진짜 맛있었습니다!! 안쪽이 촉촉한게 완전 제 타입이었어요 특히 누네띠네 도낭시에가 진짜 맛있어요.. 휘낭시에가 도넛모양이라 특이하고 예뻤네요 ㅎㅎ 앞으로 자주 사먹을거같아요 잘 먹었습니다😋
C070,유베이크샵,1700132111,9,사진까지 정성스럽게 남겨주셔서 감사합니다 ☺️ 오늘도 행복한 하루 보내세요!!
C070,유베이크샵,1700132111,10,다양한 맛으로 구성된 귀여운 도낭시에 맛집을 이제야 발견하다니!ㅠㅠ 겨울에만 나오는 약과맛을 못먹어봐서 아쉽지만 또 방문 할 이유가 생겼어요ㅎㅎ
C070,유베이크샵,1700132111,11,"또 생각나시면 들려주세요! 오늘은 비가 오네요,, 우산 챙기시고 좋은 하루 보내세요 :)"
C070,유베이크샵,1700132111,12,"선물용이라 도낭시에 8개랑 선물박스까지 구매했어용ㅎㅎ
포장도 깔끔하고 선물하기 딱 좋아보여서 문의드렸는데 친절하게 응대해주셔서 수월하게 구매후 픽업했어요👍🏻
선물드렸더니 너무 맛있고 이쁘다고 해주셔서 잘 구매했다고 생각이 들정도였어요🫶🏻담에 또 재방문하고싶어용❤️"
C070,유베이크샵,1700132111,13,기분 좋은 선물이 되셨기를요!! 선물용으로 찾아주셔서 감사합니다 ☺️
C070,유베이크샵,1700132111,14,비주얼만 봐도 너무 맛있을거 같아요! 다 맛있어보여서 고심 끝에 몇개 골라갑니당! 다음엔 다른맛 먹으러 오려구용ㅎㅎ
C070,유베이크샵,1700132111,15,기분 좋은 방문이 되셨기를요!! 감사합니다 :)
C070,유베이크샵,1700132111,16,유베이크샵은 옳다 .... 🫶 줜맛이에요 ㅠㅠ 이런 휘낭시에는 처음 입니둥 ... 인절미랑 쑥 도난시에 마구마구 쟁여가기 성공 ♡
C070,유베이크샵,1700132111,17,취향 파악 완료했어요!! 늘 맛있게 드셔주셔서 감사합니다 :)
C070,유베이크샵,1700132111,18,"지인이 사다줘서 먹어봤다가 너무 맛있어서 직접 방문합니다~~^^ 사장님도 친절하시고 좋네요ㅎㅎ
휘낭시에는 다 맛있어요~ 재방문 의사 있어요~
번창하세요~*^^*"
C070,유베이크샵,1700132111,19,정성스럽게 리뷰 남겨주셔서 감사합니다 :) 좋은 하루 보내세요!
C070,유베이크샵,1700132111,20,맛있게 드셨을까요? 방문 감사합니다 :)
C070,유베이크샵,1700132111,21,맛있게 드셨을까요? 주문 감사합니다 :)
C070,유베이크샵,1700132111,22,매번 맛있게 드셔주셔서 감사합니다 :)
C070,유베이크샵,1700132111,23,방문해주셔서 감사합니다! :D
C070,유베이크샵,1700132111,24,"맛있게 드셨을까요? 방문해주셔서 감사합니다!
행복한 하루 되세요 :))"
C070,유베이크샵,1700132111,25,맛있게 드셨을까요? 방문해주셔서 감사합니다:D
C070,유베이크샵,1700132111,26,소중한 리뷰 남겨주셔서 감사합니다💓 맛있게 드셔주세요 :))
C070,유베이크샵,1700132111,27,방문해주셔서 감사합니다!! 맛있게 드셔주세요 :)
C070,유베이크샵,1700132111,28,방문해주셔서 감사합니다 :D
C071,메가MGC커피 명지대역점,1018385169,1,명지대역 에버라인에서 가깝고! 들르기 좋은 위치여서 가끔 방문해서 포장해서 먹곤해요~! 오늘도 미용실가기전에 들러서 포장했어요! 전에 먹었던 감자빵이 괜찮았어서 이번에도 두 개 포장했어요! 크기도 큼직해서 은근 든든하더라구여~^^ 아메리카노도 맛있어요!
C071,메가MGC커피 명지대역점,1018385169,2,"#메가MGC커피 명지대역점
>>매장에서 먹은건 오늘이 처음이에요.
잘 먹고 갑니다.~~^^ㅎㅎ🙂‍↕️"
C071,메가MGC커피 명지대역점,1018385169,3,"세분의 알바생 중 한 알바생분의 서비스가 굉장히 불친절해서 두번 다시 해당 매장 이용하지 않을 것 같습니다.
매장 이용으로 주문했고 받침접시는 깨끗이 잘 닦여있지 않아 모서리 부분에 끈적하게 음료가 고여있더라고요. 저 뿐만 아니라 다른 고객한테도 음료나오면 해당 번호를 누가봐도 기분 나빠 보인다 싶을만큼 인상 팍쓰면서 언성 높여가며 거의 악을 쓰듯 번호 호출 하시던데 이용객이 많아 힘들고 바쁜건 이해합니다만 본인의 힘듦을 왜 고객한테 화풀이하실까요? 직원교육 다시 하셔야 할 것 같습니다.
제 돈 주고 음료를 구매했고 매장을 이용하는건데 해당 알바생 때문에 굉장히 불쾌했습니다.
입장 바꿔서 생각해보셨음 하네요.
본인도 카페 방문했을 때 그런 서비스 받고 싶으실까요?"
C071,메가MGC커피 명지대역점,1018385169,4,사과 유자차  상큼하고  맛있어요 !
C071,메가MGC커피 명지대역점,1018385169,5,다른 지점에 비해서 커피가 맛있어요
C071,메가MGC커피 명지대역점,1018385169,6,"손님이 많은것도 아닌데.. 무언가 점검을 하시는지 여기저기 분주하더니 음료가 나올때까지 평소보다 시간이 꽤 걸리더라구요. 바로 앞에 5명 단체손님이 있었지만 그걸 감안하고도 좀 오래걸렸어요. 무슨일이 있나? 생각만하고 기다리다 주문한게 나왔길래 그냥 받아서 나올려고 하는데, 직원분께서 음료를 내주시면서 오래 기다리게해서 죄송하다고 말씀하시더라구요. 별생각없이 기다렸지만 그 한마디에 기다린게 하나도 생각 안나면서 기분이 좋아졌어요.
우연일수도 있겠지만 어느지점이나 상관없이 메가커피는 직원분들이 참 친절하신것 같아요.
덕분에 이날따라 평소 먹던 음료가 더 맛있게 느껴졌네요 😊"
C071,메가MGC커피 명지대역점,1018385169,7,달달함 한도 초과^^
C071,메가MGC커피 명지대역점,1018385169,8,가성비 최고에요 👍
C071,메가MGC커피 명지대역점,1018385169,9,"아침 알바생 불친절해요
사장님은 친절하셨던거같은데 아쉽네요"
C071,메가MGC커피 명지대역점,1018385169,10,"젤라또 아이스크림 후식으로 좋네용!
가성비 좋은 음료와 디저트가 다양해요.
키오스크가 1대밖에 없어서 불편해요.
주차장 없고, 주변에 주차하기 어려웠어요.
카페 매장 내부에 화장실이 없어서 아쉬워요."
C072,카페라딘,1220325968,1,"우리동네 커피 맛집!!!
자몽차도 맛있어요👍
언제와도 깔끔하고 쾌적한 매장,
친절하신 사장님,
맛있는 커피와 음료,디저트가 있어서 좋아요
사장님의 서비스 쿠키(우릴 알아봐주시다니~감사해욥ㅎㅎㅎㅎㅎ) 너무 맛있게 잘 먹었습니다☺️"
C072,카페라딘,1220325968,2,"우리 동네 예쁜 카페~
커피는 당연히 맛있어요👍
사장님도 친절하시고
매장도 깔끔해요
여유롭게 커피 마실 수 있어서 좋아요"
C072,카페라딘,1220325968,3,"가족들과 힐링하러~~~~~^^
과일 와플 굿~~~~~!!
과일 당도 좋네요~~~~"
C072,카페라딘,1220325968,4,"우리 동네 커피 맛집~!!!
카페가 깔끔해서 맘에 들고
사장님도 넘 친절하세요
분위기가 편안한 카페예요👍"
C072,카페라딘,1220325968,5,"우리들의 아지트 같은 곳~
연습 끝나고 이야기 나누기 딱 좋은 곳👍
오늘은 라떼와 밀크티와 아메리카노.
저녁시간되니 반짝반짝 예뻐요
언제나 깨끗하고 단정한 카페☕️
 오늘도 맛있게 잘 쉬고 갑니다~~!!!
잘 놀다가 갑니다~"
C072,카페라딘,1220325968,6,빙수 맛있어요!! 편안한 분위기의 카페네요!! 🥰🥰🥰
C072,카페라딘,1220325968,7,"디카페인4잔
몇모금 안 마시고 나왔네요"
C072,카페라딘,1220325968,8,"연휴 끝나고 여유롭게 커피 한잔하러 왔어요~
역시 카페라딘👍
라떼가 너무 맛있어요
매장도 깨끗하고,
친절하시고,
화장실도 깔끔하고,
좌석도 편안해요
집근처에 있어서 너무 좋습니다
올 때마다 만족하고 갑니다~~!!!!
오늘도 좋은 시간 보내고 갑니다~☺️"
C072,카페라딘,1220325968,9,"요즘 더 맛있어진 카페라딘 라떼🎶🎶

오전에 라떼 먹었지만 맛있는 라떼 먹고싶어서 집에 가기전에 들렀어요
오늘은 손님이 많으시네요
그럼에도 쾌적하고 깔끔한 매장~~
역시나 맛있는 라떼~
이야기 나누기도 좋은 우리 동네 카페~~
언덕 위라 오후 햇살이 좋아요☺️"
C074,카페명암,1439471869,1,"아이랑 산책하면서 지나가기만 했는데
실제로 와보니 너무 좋네요
아이 첫 어린이집 등원 후 맛보는 자유시간 
카패명암이랑함께라 좋습니다
데이트하기도 좋네요"
C074,카페명암,1439471869,2,카페분위기가 너무 좋아요
C074,카페명암,1439471869,3,"지인 소개로 갔다가 분위기 너무 좋아서 오늘
동생 데리고 다녀왔어요. 동생도 또 오겠다고
사진찍어 가더라구요."
C074,카페명암,1439471869,4,"지인에게 명암 소개하려고 데리고 갔었는데
쑥크림라떼가 갈때마다 조금씩 연해지니
맛이 다르네요. 😔"
C074,카페명암,1439471869,5,"라떼 정말 맛있어요. 반려맨이 요근래 1등이라고 라떼때문에 재방문하고 싶다고 하네요
신메뉴 애플유자티 맛있어요..! 푸딩은 됴잉뵤잉재질은 아니고 퍼슬한 식감이에요 
LP 청음은 입구쪽 2자리만 가능한데 하나가 고장이라 못듣고 왔네요ㅠㅠ 담엔 꼭 들을 수 있길..!
+주차는 골목 어딘가에 눈치게임, 건물이 연식이 있어 1층 들어서면 묘오..한 냄새가 나고 가게 안이 좀 추웠어요ㅜㅠ 그치만 2층 화장실 인테리어도 새로 하셔서 깨끗했어요 또 만나요!"
C074,카페명암,1439471869,6,LP 청음도 가능하고 드립으로 디카페인 커피도 마실 수 있는데 맛있어요 인테리어도 멋있고 공간도 넓습니다! 분위기 너무 좋아요. 👍🏻
C074,카페명암,1439471869,7,초코나무 숲 먹어보고 싶었는데 벌써 솔드아웃 되어서 돼지바로 주문했어요 다음번에 또 오려구요 분위기 정말 좋아요!!
C075,베이크카페,1336880171,1,"⭐️⭐️⭐️⭐️⭐️: 치아바타 샌드위치 , 몽블랑
⭐️⭐️⭐️⭐️: 퀸아망, 크루아상 

이전에 소금빵, 스콘, 크루아상만 먹어봤었는데, 베이크로는 페스츄리 맛집이에요 🙂‍↕️

페스츄리 계열 빵들이 다 맛있음 !!

재출시 신메뉴 치아바타도 맛있더라구요 ,,,
치아바타 샌드위치 아침 대용으로 강추⭐️"
C075,베이크카페,1336880171,2,"맛있는 빵 먹고싶으면 여기로 가면 됩니다
오래오래 만들어주세요 
다만 조심스레 말씀드리면 맛집으로 뜨다보니 여러사람 이 매장에 있을때 계산 카운터에 있는 사람 빵매대 앞에 있는사람 주문이 겹칠때 조금만 더 안내해주시면 좋을것 같아요 들어온 순서가 있고 찰나의 기다림이 얼마 되진 않지만 오늘 남사장님의 대처가 조금 당황스러웠어요"
C075,베이크카페,1336880171,3,"안녕하세요, 고객님. 대처가 미숙하여 죄송합니다. 주문은 무조건 들어오신 순서대로 도와드리고 있습니다. 고객님이 들어오셨을 때 이미 주문을 하고 계시던 분들이 계셨어요, 고객님 순서까지 최대한 빠르게 도와드리고자하는 마음이었는데 안내가 부족했다 느끼셨을 것 같습니다. 매대를 구경하시면서 주문을 해주시는 분들도 계신가하면 포스에 오셔서 바로 주문을 하시는 경우도 있어서 저희도 이 부분은 더 야무지게 정리해가며 주문 받을 수 있도록 노력하겠습니다. 방문해주셔서 감사합니다. 나날이 발전하는 베이크로가 되겠습니다!"
C075,베이크카페,1336880171,4,"마스카포네크라상 진짜 맛남!
바게뜨 감자시금치빵도 굳"
C075,베이크카페,1336880171,5,버터 프레첼 크로아상 🥐
C075,베이크카페,1336880171,6,매번 지나가다 들러야지 하다 드디어 방문! 와 진짜 여기 찐! 너무 맛있어오!! 버터맛이 고급지고 밀가루도 먹고 나서 속이 편해요!!! 빵 품절만 안되면 지나가다 문지방 닳도록 들를 예정!!
C075,베이크카페,1336880171,7,곡물 식빵과 100%곡물빵 구매했는데 괜찮네요
C075,베이크카페,1336880171,8,빵이 제대로 맛잇어요. 사장님 친절하시구요. 이때 오후1시 반에 갔는데도 빵이 많이 팔렸더라구요. 동네 주민들이랑 외지사람들이 소문나서 다 사간건지...암튼 소금빵맛있었어요. 블랑제리예요. 직접 빵 굽는 장소가 있어요. 앉아서 먹을수 있는 테이블이나 의자는 없어요. 주차는 도로변에 하고 관리요요원이 와서 티케팅하는데 주말에는 그냥 후다닥 사고 가서 전 그냥 왔어요. 암튼 맛나요!
C075,베이크카페,1336880171,9,요기 빵 진짜 맛있어요! 그 중 올리브 씽 올리브도 잔뜩 들어갔는데 식감도 바삭하니 너무 맛있는..💓💓 빵도 빵인데 커피도 원두 고소해서 너무 맛있어서 완전 추천드려요!!👋🏻👋🏻
C075,베이크카페,1336880171,10,"이 집에서 꼭 먹어야 하는 메뉴

제주 말차 크러핀 입니다. 
이거 진짜 제 인생 빵 등극했는데요...
바삭하다 못해 파삭한 페스츄리 빵 안에 말차 크림이 듬뿍 들어있어요. 
그 말차 크림이 말차 맛보단 우유맛이 더 강한 크림이라 더더욱 맘에 들었습니다. ㅎㅎ
​
거기다가 말차맛이 진한 저 초콜렛까지 !!! 
위에 올려져 있어서 달달하고 바삭한게 너무 너무 
제 스타일이였습니다."
C075,베이크카페,1336880171,11,"테이크아웃 전문점으로
큼직하고 다양한 빵이 있어요
커피와 함께 테이크아웃해서 야외에서 먹으니 꿀맛이에요
다른빵도 맛보고싶어요"
C077,와그와그컴퍼니,1455012300,1,"울집 강아지들 신나게 뛰뛰하고왔어요
고기도 구워먹고 야외라 힐링 하고왔어요
다음에 또 갈께요"
C077,와그와그컴퍼니,1455012300,2,"정착할 호텔링 업체 드디어 찾았네요
얼마나 재밌게 놀아주셨는지 집보다 더 좋아하는거 같기도.. ㅋㅋ
그래도 안전하게 케어해주셔서 너무 감사했습니다
앞으로도 와그와그컴퍼니로 믿고 맡길 수 있겠네요!"
C077,와그와그컴퍼니,1455012300,3,"직원분들이 강아지를 사랑하는 게 너무 보여서 좋고 시설도 깔끔하고 실내,야외 둘다 있어서 너무 좋아요🥰
애견 용품도 구매 가능해서 너무 좋아요☺️
상주견들도 있으니 애견인이 아니여도 강아지를 사랑하신다면 힐링 할 수 있는 공간입니다🫶"
C077,와그와그컴퍼니,1455012300,4,"지금까지 보낸 호텔링 중 가장 베스트임니당 ~~~
저희 강아지가 엄청엄청 좋아하는거 같아욤 ㅋㅋㅋㅋㅋ
이전에 다른 곳에선 적응 좀 못했나 싶었는데 와그와그컴퍼니에선 딱히 그런 생각 안들어서 안심하고 앞으로 맡길 수 있을때 찾으려 합니당 👍💖💖"
C077,와그와그컴퍼니,1455012300,5,감사드립니다 언제든 재방문 해주시면 최선을 다해서 케어하도록 하겠습니다
C077,와그와그컴퍼니,1455012300,6,엄청 친절하시고 아이들 사랑으로 정성껏 잘돌봐주시네요 ㅎㅎㅎㅎ 상담때도 만족스러워서 믿고 맡겼는데 후회없습니다!! 저희 강아지도 되게 신나보이네요 ㅎㅅㅎ 너무 잘고른거 같아요 ♥
C077,와그와그컴퍼니,1455012300,7,급하게 외부 출장으로 인해 호텔링 알아보다가 이번에 처음 맡겨본건데 기대 이상으로 좋았네요. 케어도 너무 잘해주시고 걱정되지 않게끔 안전하게 말씀도 잘해주셔서 편안하게 출장 잘갔다왔어요 ^^
C077,와그와그컴퍼니,1455012300,8,시설도 깔끔하고 친절하세용 ㅎㅎㅎㅎ 덕분에 마음 편하게 귀국했네요♡ 사장님 연말 잘보내시기 바랍니다~!
C077,와그와그컴퍼니,1455012300,9,아이가 말도 잘듣고 다른 친구들과 잘 어울려서 저희도 케어하기 편했어요 다음에 또 오세요 감사합니다
C077,와그와그컴퍼니,1455012300,10,우리집 근처에 이렇게 케어가 잘되는 애견호텔이 있는 줄 몰랐어용!!ㅎㅎ 공간도 넓고 깨끗하게 관리 되어 있는게 느껴지고 아이사진도 계속 보내주셔서 제가 불안하지 않고 맡길 수 있었습니다! 감사합니다 자주 이용할게요!
C077,와그와그컴퍼니,1455012300,11,저희 아이 맡기기에 정말 부족함이 없는곳이라 걱정없이 부탁드렸어요!! 아이들 관리도그렇고 시설청결관리까지 완벽bb 특히 아이들이 불편해하지 않을 수 있는 환경이 잘 조성되어있어서 넘넘 안심이었습니다♥ 다음에도 일 생겨서 부탁드릴 일 생기면 꼭 재방문할게요~~
C077,와그와그컴퍼니,1455012300,12,만족하셨다니 다행입니다 앞으로 더 좋은 서비스 제공하도록 노력할께요
C077,와그와그컴퍼니,1455012300,13,몇일동안 급한 일정이 생겨서 호텔링 급하게 알아보다가 방문했습니다. 중간중간에 사진도 보내주시고 안전하게 잘 관리가 되는거같아서 마음이 놓였습니다!! 선택 잘한거같아요 :)
C078,카페다 용인시청점,37378849,1,"식사후 간단히 커피한잔
가성비좋고 맛도 좋고 👍 좋아요 
자주 애용하는 곳이랍니다"
C078,카페다 용인시청점,37378849,2,"많이 쌀쌀한 날씨라서 생강차가  열도 올려주고 좋으네요^^~~
진한  생강차"
C078,카페다 용인시청점,37378849,3,커피맛있고 가성비 좋아요
C078,카페다 용인시청점,37378849,4,스페셜 김밥 맛있어요
C078,카페다 용인시청점,37378849,5,분위기가 조용하고 커피가 맛 있어요
C078,카페다 용인시청점,37378849,6,대추차랑 생강차 모두 맛있어요 초콜릿 감사합니다
C078,카페다 용인시청점,37378849,7,친절하고.커피가맛있어요~~
C079,안녕마루,1885770221,1,"겨울이 지나고 친구들과 다시또 찾았는데
역시 좋네요 
달이라는 친구는 이모랑 할머니까지 모시고 시흥에서 일부러 왔는데  너무좋아하네요
다들 친절하시고 케잌에 포크주시는 센스까지
커피도 맛있네요^^"
C079,안녕마루,1885770221,2,포토존이 정말 귀엽고 사장님도 친절하세요 늦은시간 까지해서 퇴근하고 오기도 좋아요 !
C079,안녕마루,1885770221,3,"강아지들이랑 편하게 놀 수 있어서 너무 좋았어요🐶
매장도 깔끔하게 관리되어 있고 직원분들도 친절해서 기분 좋게 이용했습니다!
음료도 맛있고 강아지들 컨디션도 좋아 보여서 시간 가는 줄 모르고 있다 갔네요ㅎㅎ
강아지옷도 있어서 하나사봤어요~
다음에 또 방문할게요🙂"
C079,안녕마루,1885770221,4,"애기 아기때부터 오던 단골카페에요 ㅎㅎ
냄새 하나도 안나고 진짜 깨끗하고 아이들을 생각한 환경이라 안전하고 좋아요!
둘째 생기고도 계속 다니고 있네요 ㅎㅎ
음료나 음식도 맛있고 장난감도 구비되어 있어서 좋아요👍🏻"
C079,안녕마루,1885770221,5,자주오는 애견카페입니당 강아지냄새도 진짜 하나도 안나고 야외도 크고 실내도 놀만해서 자주가요 항상 청결하게 유지되고있어서 맘편히 놀수있어요 장난감이랑 간식도 많이 파는데 되게 저렴해서 자주 구매합니당
C079,안녕마루,1885770221,6,"강아지와  대기 시간 할 카페를 검색하다 우연히 발견!
깔끔 넓은 가성비 좋은 애견 전용 카페입니다^^
우리 아이는 친구들과 노는건 안좋아해서 실내에서 제 껌딱지가 되어 저만 바라보네요~날이 좋아 친구들 많네요~
다들 규칙 지키며 예쁘게 놀 수 있는 이곳~
매주 대기 시간 갈 수 있는 카페 생겨 기분 좋네요♡"
C079,안녕마루,1885770221,7,"포토존 너무 귀엽구 카페 내부도 깔끔해서 좋습니다! 
비가 조금 내려서 실내 산책으로 방문했어요👍"
C079,안녕마루,1885770221,8,"애견카페중 유일하게 자주오는 곳!! 애견카페 많이 방문했었지만 여기가 유일하게 청결하고 실내외 꽤 넒은 곳입니다~ 
#용인#용인애견카페#경기도애견카페#처인구애견카페#애견동반카페😄"
C079,안녕마루,1885770221,9,강아지 뛰뛰하기 넘 좋아요. 입짧은 애인데 화식 사줬더니 순삭하네요. 간식이랑 장난감도 많고 보호자 쉴 수 있는 공간도 넉넉해서 좋았어요😀
C079,안녕마루,1885770221,10,"쉬는날이면 안녕마루에 꼭 방문해요~
강아지 친구들이 많고 시설도 깔끔해서 안심하고 놀아요~"
C080,디어도터,1428817371,1,"분위기 너무 좋네요!
매장도 넓고 사장님도 친절하시고
주말의 여유를 느끼기에 좋습니다
빙수 엄청 커서 와구와구 퍼먹을 수 있어요
저는 데이트하러 왔는데
여러명 모임장소로도 적합하겠어용!"
C080,디어도터,1428817371,2,"친구와 종종 오는 곳이에요
사장님이 친절해요
커피 향도 좋고 브런치 메뉴도 맛있어요!"
C080,디어도터,1428817371,3,"1. 인테리어 : 처음 와봤는데 코지하고 엔틱 그자체 카페더라구요 ◡̈

앞에 골프장 있어서 그런지 뭔가 더 한적하고 쾌적한 느낌 !

특히 날씨가 맑아서 파릇한 식물들이 잘 보이는 야외 테라스가 너무 좋았어요 🌿🌷

2. 맛 : 아메리카노랑 새우필라프, 라구파스타 먹었는데 진심 다 맛있어요 ㅠㅠㅠ
 
특히 ㅠ 필라프 제 원픽이구, 사장님이 손수 담근다는 수제 피클까지 킥입니다,, 진쨔루 .. ✨

커피는 저 산미있는거 안좋아하는데 다크함, 산미 어디에도 치우치지 않은 밸러스있는 커피 맛이였어용

3. 가격 : 이정도 뷰인데 가격도 넘나 착한넉김? 🫶🏻

4. 친절도 : 사장님들 짱 친절해여 🤭 인상도 다들 너무 좋으시구 뭔가 두분 닮은게 모녀느낌? 덕분에 힐링하구 가용 💕

5. 평점 : 말뭐 ⭐️⭐️⭐️⭐️⭐️"
C080,디어도터,1428817371,4,분위기 있는 카페라 혼자오기에도 여럿이 오기에도 괜찮은 공간이에요  로만바스 옆이라 할인적용도 되고 끝나고 시원하게 커피 한잔 하니까 좋으네요~
C080,디어도터,1428817371,5,"용인 맛집 찾아버려따...여기에요여기..!!!!
산미없는 커피를 선호하는데 여기 아메리카노가 딱 취향이었어요👍
샌드위치도 재료 아낌없이 가득 넣어주셔서 ㅠㅠㅠ
진짜 맛있었어요!!!! 쿠키도 사장님이 직접 구우신거래요..!
예쁜 사장님이 손맛(?)까지도 좋으신거같아요 ㅋㅋㅋㅋ
매장도 화이트 톤의 깔끔 아늑한 느낌이라 이번에 혼자왔지만 다음엔 친구랑와서 샐러드파스타도 먹어보고싶슴다...!🫶🫶🫶"
C080,디어도터,1428817371,6,"음식들이 하나같이 다 맛있었습니다!
매장내부가 넓고 층고가 높아 쾌적합니다~ 인테리어도 너무 예뻐 오랜만에 밥과 커피 먹우면서 얘기도 나누고 즐거웠습니다! 직원분들도 친절하세요~ !!"
C080,디어도터,1428817371,7,"근처 지나가다 방문하였으며, 외관부터 화이트 인테리어가 돋보이는 카페였습니다.
작은 테라스엔 힐링되리만큼 푸른 식물들이 즐비했고, 실내에 입장하는 순간 화이트톤의 엔틱한 느낌의 따뜻한 느낌이 들어 좋았습니다. 

또한 가구 배치나 모든것이 안정적인 느낌이 들었습니다 
이전엔 작은테라스에 문이 있어, 답답한 느낌이 들었다면, 
지금은 답답한 느낌없이 뻥뷰인 이곳 아주 좋습니다.
음료는 토마토와 녹색음료 두가지를 시켰는데 녹색답게 아주 건강한 맛이라 추천합니다! 스파게티는 두종류인데 
토마토 파스타가 찐맛집입니다.
어느 식당과는 비교가 안될만큼 입니다

추천 다음 계절이 기대되는 카페입니다"
C080,디어도터,1428817371,8,디어도터 브런치 시작했다고 해서 와봤어요! 샐러드파스타 별로 안좋아 하는데 일단 간이 너무 딱맞아서 맛있었고 소스 안찍어도 맛있길래 그냥 먹었는데 세상에..! 소스가 킥이었어요 그냥 발사믹이 아나라 좀 색다른 발사믹의 맛이랄까.. 음료는 생과일 주스로 먹었는데 단맛이나 이런게 딱이었어요. 2차로 커피까지 시켜먹고 샌디치 포장까지 해가요😂 아침에는 바쁘다고 하는데 12시쯤 가니 한적하고 너무 좋았어요! 다음엔 어떤음료를 먹을까 고민되네요 ㅎㅎ 또올게요!!
C080,디어도터,1428817371,9,한달만에 방문했는데 볶음밥 메뉴가 생겼어요! 제대로네요!!!!! 산뷰 역시 좋고 오늘 바람도 솔솔 부니 아주 딱이에요👍👍👍👍
C080,디어도터,1428817371,10,"인테리어가 아늑하고 감각적이라서 커피 마시면서 여유롭게 시간 보내기 딱 좋았어요. 특히 창가 자리는 햇살이 잘 들어와서 혼자 책 읽기에도 좋고, 친구랑 대화 나누기에도 편안했어요.

커피 맛도 훌륭했어요! 산미 안 좋아하는 편인데 부드럽고 진한 맛이 좋았어요. 디저트고 러스크 시켰는데 너무 맛있더라고요.

재방문 의사 백퍼!"
C081,해피타임,1177390928,1,"조일프라자에서 파3⛳️
오전에 날씨가 쌀쌀해 
따뜻한 커피 한잔후 출발~!!
사장님도 친절하시고
커피맛 좋아요❣️"
C082,더그레이스,2047696623,1,합격!!!
C083,커스텀커피 중동직영점,1029186063,1,"회사근처라  주중 매일 옵니다 어느덧 단골이 되었네요 
그리 시끄럽지도 않고  점심먹고 잠깐 휴계시간에 힐링타임이네요  커피맛도 좋고  사장님도 친절하시네요 번창하세요  감사합니다 ~^^"
C083,커스텀커피 중동직영점,1029186063,2,"아이스라테먹으러 또방문했어요
라떼는 커스텀이 제일맛있는것같아요"
C083,커스텀커피 중동직영점,1029186063,3,아이스라떼 아이스아메리카노 진짜 맛있네요 또먹으러올께요
C083,커스텀커피 중동직영점,1029186063,4,카페라떼 맛집으로 유명해서 전부터 알고 있었는데 역시나 맛있어요bbb 컵 위에 귀여운메세지도 써주셨어요💕밖에 벤치가 많아서 식후 나가서 커피한잔 하기 딱입니다b
C083,커스텀커피 중동직영점,1029186063,5,"출근해서 유일한 힐링타임 커스텀커피 ♡
점심먹고 짧은 휴식 감사합니다 
번창하세요 ~♡♡♡"
C083,커스텀커피 중동직영점,1029186063,6,"소금빵이 너무 맛있어서 게걸스럽게 먹었어요.
가게 분위기도 좋고 의자도 편합니다. 원래 커스텀은 라테 맛집인데 새로나온 한라봉감귤주스도 달지 않고 자연스러운 맛이 좋네요."
C083,커스텀커피 중동직영점,1029186063,7,"여기는 카페라떼도 맛있는데
아메리카노도 완전맛집..👍👍👍👍👍👍❤️"
C083,커스텀커피 중동직영점,1029186063,8,"라떼가 맛있어서 근처 올 일 있을 때 꼭 들려요
오늘은 화운사 왔다가 들렸네요
역시 맛나네요
덕분에 기분 좋은 하루보내네요"
C083,커스텀커피 중동직영점,1029186063,9,"오며가며 참새방앗간처럼 들르는 곳입니다.
라떼맛는 말해뭐해요~^^ 
가까이에 커스텀커피가 있어서 행복한 일인입니다!"
C083,커스텀커피 중동직영점,1029186063,10,"날이 좋아서. 썸머라떼를 부르는 날^^ 
달달하니 맛까지 좋아서 기분도 좋아지는~"
C084,용인타이니풀 모래 놀이드로잉 무인키즈카페,1590246988,1,"처음에 스위밍풀로 착각하고 예약했다가 뒤늦게 모래놀이룸인거 알고 취소할까말까 고민하다 그냥 왔는데 너무 좋아요..취소했으면 후회할 뻔 했어요!! 꽤 넓고 깨끗하고 더운 날씨임에도 실내가 정말 쾌적해요 
구비된 장난감들도 아이 눈높이에 맞춰 취향저격으로 잘 되어있고 모든 부분이 만족스러워요 
처음 방문할 때 아이 이름이 적힌 웰컴레터 보고 넘 감동받았어요 ㅎㅎ 
4시간이 부족하다 싶을 정도로 즐거웠고 
사장님이 넘 친절하셔서 또 방문하고 싶네요 
맘카페에서 여기 추천글이 많더라구요 사는 곳이 여기서 한시간정도 거리라 살짝 고민했지만 여기까지 온 보람이 있어요
정말 추천합니다! 재밌게 잘 놀다가요💚"
C084,용인타이니풀 모래 놀이드로잉 무인키즈카페,1590246988,2,"안녕하세요, 타이니풀입니다! 🥰
멀리서 한 시간 거리를 믿고 방문해 주셨는데, 취소 안 하길 잘했다는 말씀에 정말 큰 보람을 느낍니다.
아이가 4시간 동안 즐겁게 놀다 간 모습을 생각하니 미소가 지어지네요.😁
준비해 둔 웰컴레터에 감동해 주시고, 매장 청결과 친절함까지 칭찬해 주셔서 정말 힘이 납니다. 더운 여름에도 언제나 시원하고 쾌적하게 놀다 가실 수 있도록 잘 관리하고 있겠습니다.
다음에도 준이와 또 즐거운 추억 만들러 와주세요~♡
감사합니다.😆"
C084,용인타이니풀 모래 놀이드로잉 무인키즈카페,1590246988,3,"수영장 있던곳이 모래놀이로 바뀌었는데
오히려 좋은거같아요 물놀이하면 계속 신경쓰고 한번 들어가면 나왓다 다시 들어가기 쉽지않아서.. ㅋㅋ
7살4명 5살 3살 동생 두명 총 6명의 아이들이 놀았는데 다 너무 재밌게 잘놀았어요!
버블이랑 물감놀이도 가운이랑 모래놀이도 옷부터 장화까지 다 구비가 되어있어서 여벌옷만 챙겨가니 너무 편했고  생일파티 사진 남길 수 있게 포토존도 꾸며주셔서 사진도 이쁘게 잘 찍고 너무 잘놀았어요!
아이들 따로 상펴서 먹을 수 있게 여분 상이 있는것도~ 세심하게 많이 신경 쓰신거 같아요! 
애들이 그렇게 젖진않아서 씻기진않앗지만 샴푸도 샤워공간도 다 마련되어잇어요!
4시간권 너무 짧아서 2시간 연장해서 뽕 뺄땜가지 잘놀고 갑니다 또 방문하고싶어요!"
C084,용인타이니풀 모래 놀이드로잉 무인키즈카페,1590246988,4,"안녕하세요, 타이니풀입니다! 😊
저희 매장을 방문해 주시고 정성 가득한 후기 남겨주셔서 진심으로 감사드립니다. 수영장에서 모래놀이로 리뉴얼하며 고민이 많았는데, 부모님 손이 덜 가고 안심된다며 만족해하시니 정말 보람차고 기쁩니다.
7살, 5살, 3살 귀여운 아이들 6명 모두 다치지 않고 신나게 놀다 갔다니 다행이에요! 포토존에서 생일 파티 사진도 예쁘게 남기셨다니 저희가 다 뿌듯하네요. 🥰
4시간도 모자라 2시간 연장까지 하며 알차게 즐겨주셔서 정말 감사드립니다. 앞으로도 아이들은 즐겁고 부모님은 편안한 타이니풀이 되도록 늘 청결하고 세심하게 관리하겠습니다. 다음에 즐거운 추억 만들러 또 방문해 주세요! 
마지막으로 우진 지호 소희 선율 친구들의 생일을
진심으로 축하합니당~♡"
C084,용인타이니풀 모래 놀이드로잉 무인키즈카페,1590246988,5,오늘도 만족해하고 잘 이용하고 갑니다!!^^  모래놀이로 변경되어서 더 아이들이 안전하게 즐겁게 놀수있어서 좋았습니다 감사합니다
C084,용인타이니풀 모래 놀이드로잉 무인키즈카페,1590246988,6,"하성이의 생일을 타이니풀과 함께해 주셔서 정말 감사드립니다! 🥰

아이들의 안전과 즐거움을 위해 고민 끝에 모래놀이로 변경했는데, 아이들이 좋아했다니 너무나 기쁘네요 ㅜㅡㅜ 역시 아이들은 모래를 만지며 놀 때 가장 밝게 웃는 것 같습니다.

다음 방문 때도 즐거운 모습으로 만나기를 기대하겠습니다! 감사합니다. 😆"
C084,용인타이니풀 모래 놀이드로잉 무인키즈카페,1590246988,7,"첫번째 방문 이후로 아기가 계속 노래를 불러 이번엔 친구와 함께 방문했어요💕
오늘도 모래+버블+장난감놀이로 집에오자마자 육퇴했습니다 ㅎㅎ 🤣"
C084,용인타이니풀 모래 놀이드로잉 무인키즈카페,1590246988,8,고객님~ 1주일만에 두 번째 방문해주시고 넘 감사드려요🫶🏻🩷 타이니풀에서 집에서 못하는 놀이 마음껏 하다 보면 4시간 순삭이쥬! 다음에 육아 힘드실 때 또 방문해주세요! 🙏🏻
C084,용인타이니풀 모래 놀이드로잉 무인키즈카페,1590246988,9,"4살아이와 방문해서 너무 재미있게 놀다가요💕
모래놀이도 물감/버블도 장난감 놀이도 어느 곳 하나 빼지 않고 재밌게 놀았어요!🥰"
C084,용인타이니풀 모래 놀이드로잉 무인키즈카페,1590246988,10,"고객님~ 이렇게 예쁜 사진으로 리뷰 남겨주셔서 감사합니다. :) 
타이니풀은 모래놀이뿐만 아니라 물감, 버블 놀이, 장난감 영역도 있어서 어린 아이들이 집에서 못하는 놀이를 재미있게 체험할 수 있는 곳이랍니다^^ 
언제든 또 방문해주세요. 감사합니다."
C084,용인타이니풀 모래 놀이드로잉 무인키즈카페,1590246988,11,"작년에 이어 올해도 아이 생일파티 장소로 타이니풀 방문했어요. 프라이빗 무인키즈룸이라 우리끼리 편하게 놀고 즐기기 좋아요. 작년에는 워터풀이었는데 최근에 모래놀이로 리뉴얼 됐네요. 아이가 정말 좋아해요. 장난감도 깔끔해서 맘놓고 놀기 편하구요 ㅎㅎ 생일상은 물론 포토존도 많아서 사진 예쁘게 잘 나와요~ 🎀
예약할 때 아이들 개월수 확인하셨는데 방문해보니 동생용 낮잠이불과 범보의자까지 세팅해 두셔서 감동이었어요. 식기도 다 있어서 저녁도 배달해서 먹고 즐겁게 잘 놀았어요! 💕"
C084,용인타이니풀 모래 놀이드로잉 무인키즈카페,1590246988,12,"고객님~ 생일때마다 방문해 주셔서 감사드립니다. 무엇보다 아이가 너무 좋아한다니 저도 운영자로서 기분이 좋습니다. :) 
타이니풀은 돌 이전의 어린 동생들이 와도 편하게 있다 갈 수 있도록 낮잠이불과 범보의자, 턱받이, 식탁의자 등 맞춤으로 제공해드린답니다. ^^ 다음에 기회되면 또 놀러와 주세요~"
C084,용인타이니풀 모래 놀이드로잉 무인키즈카페,1590246988,13,"모래놀이 생긴거 보고 바로 예약했어요!
모래놀이 덕후 40개월 아들 
네시간동안 원없이 놀다왔습니다!
.
좋은 점 너무 많았지만
일단 최고는 모래가 깨끗한건 당연하고 
손에 묻질 않더라구요?🥹
모래놀이에 빠져사는 아들 덕분에
맨날 모래랑 전쟁이었는데 
너무 신기하고 편하고 좋았어요.

그리고 아이들이 놀 수 있는 
모래놀이 장난감은 물론이고 
사진찍기 좋은 소품도 많아서 
저도 아이도 너무 좋았습니다.
.
너무 만족했던 공간이라 후기가 광고같지만..ㅋㅋ 
백프로 내돈내산 제 솔직 후기입니다!!!!

그리고 물감&거품 놀이도 좋았어요. 
놀잇감도 다양하고 거품도 엄청 많이 나와서 
아이들 행복 그 자체❤️ 

5월에 이멤버 그대로 또 올거에요!!
너무 잘 놀다갑니다!!"
C084,용인타이니풀 모래 놀이드로잉 무인키즈카페,1590246988,14,"고객님~ 많은 아이들 데리고 케어도 힘드셨을텐데 이렇게 리뷰도 남겨 주시고 감사합니다. :) 
모래놀이, 거품 놀이, 물감 놀이하며 4시간 동안 쉼 없이 아이들이 놀다 갔다는 말을 듣고 어찌나 뿌듯하던지요^^ 
다음에 또 방문해 주세요. 더 잘 준비해서 기다리겠습니다.^_^"
C084,용인타이니풀 모래 놀이드로잉 무인키즈카페,1590246988,15,"풀장이였을 때도 자주 방문 했었는데, 이번에 모래놀이로 바뀌었다고 해서 생일파티 겸 방문했습니다!
모래 관리도 잘 되어있어서 정말 깨끗했어요.
초등학생들과 갔는데도 시간 가는 줄 모르고 놀았네요!
요즘은 놀이터에서 모래놀이 하기 쉽지 않은데 안전하고 위생적으로 즐기기 좋네요. 물놀이 때 보다 엄마들도 더 쉴 수 있었어요! 파티 소품들이 많아서 사진도 많이 남길 수 있었네요. 동생들하고도 방문해야겠어요! 👍🏻"
C084,용인타이니풀 모래 놀이드로잉 무인키즈카페,1590246988,16,"여섯번째나 방문해주신 우리 고객님^^ 너무 감사드려요. 저학년인데도 불구하고 너무 재미있게 놀았다고 해주셔서 감사드립니다. 타이니풀은 모래놀이뿐마 아니라 물감이랑 버블도 체험할 수 있어서 초등학생 아이들도 동생들과 함께 방문하기 딱이쥬! ㅎㅎ
나중에 동생들하고도 한번 또 방문해주세요. 
감사합니다. :)"
C084,용인타이니풀 모래 놀이드로잉 무인키즈카페,1590246988,17,"워터룸에서 모래놀이장으로 새로 리뉴얼했다고 해서 주말에 예약하고 방문했어요. 모래도 옷에 붙지도 않고 아이가 놀기 딱! 좋았어요. 모래놀이용 장난감도 많고 혼자서 집중해서 잘 놀더라구요~ 제일 좋은 점은 모래놀이만 계속 하면 지겨워할텐데 버블놀이랑 물감놀이도 할 수 있어서 4시간 동안 시간 가는줄 모르고 놀았어요! 조명이 야광이라 물감놀이 때 아이가 즐거워하면서 놀더라구요~
  날은 더워지고.. 멀리 가기에는 체력은 없고.. 가까운 동네에서 프라이빗하게 놀고 오니 아이도 편하게 잘 놀았어요. 
특히 진짜 해변에 온 것처럼 소품들도 많고 잘 꾸며져 있어서 예쁜 사진들도 많이 담을 수 있었어요 👍 
 다음엔 생일파티할 때 얼집 친구들 데리고 다시 방문해 봐야겠어요 🥰"
C084,용인타이니풀 모래 놀이드로잉 무인키즈카페,1590246988,18,"고객님🩷 새롭게 단장한 타이니풀에 와주시고,  이렇게 리뷰 남겨주셔서 감사합니다. 
타이니풀은 모래로 촉감을 느껴보며 놀이하고, 물감과 버블 놀이도 할수 있는 체험형 무인 키즈카페랍니다. 
어린이집 친구들과 생일파티하러 꼭 다시 방문해주세요! 🙏🏻
함께오는 친구들도 엄마들도 센스 있는 장소 선택에 모두 만족할 거예요^^"
C084,용인타이니풀 모래 놀이드로잉 무인키즈카페,1590246988,19,"1. 사장님 진짜 친절하세요. 조치도 바로 바로 해주시고!
2. 버블룸이랑 풀장이 나누어져있어서 공간활용이 좋은데 아이들 5명 딱 적당했어요
3. 소품 다 좋습니다.
4. 미취학 놀기 너무 좋고!! 게임기까지 있으면 저학년들도 환장할 것 같아요..ㅎ


너무 알차게 꽉꽉 채워서 놀고왔습니다!!!!
드로잉 무조건 하세요 야광이라 너무 좋아했어요 환영문구 서비스도 너무 좋았어요
친구들 모임 강력추천이에요!!!💗"
C085,컴포즈커피 용인초당점,1259903676,1,"와플 맛있음
작은 와플은 이제 없나봄
큰 와플도 폭신해서 맛있지만
작은와플이 쫄깃와플이라 더 맛있었는데ㅠ"
C085,컴포즈커피 용인초당점,1259903676,2,잘 먹겠습니다
C085,컴포즈커피 용인초당점,1259903676,3,"일요일 이른 아침에도 문을 여셔서 산책하다가 커피 사마셨습니다
친절하셔요"
C085,컴포즈커피 용인초당점,1259903676,4,"맛있어요!! 아르바이트 하고 계신분이 친절하셨어요:)
음료도 맛있게 만들어주시구요!"
C085,컴포즈커피 용인초당점,1259903676,5,"음료 안주고 키링 장사 하시는 사장님
부자 되십시요!"
C085,컴포즈커피 용인초당점,1259903676,6,어플로 주문하면 기다리지않아 좋음
C085,컴포즈커피 용인초당점,1259903676,7,"가성비 굳
맛있음"
C085,컴포즈커피 용인초당점,1259903676,8,분모자 떡볶이 맛있음
C085,컴포즈커피 용인초당점,1259903676,9,차 한모금도 안마신 상태 저렴한만큼 물 양이 적어서 꽤나 쌔드~~
C085,컴포즈커피 용인초당점,1259903676,10,커피에 와플 너무 맛있어요~
C086,데이롱카페 용인상하점,1766089679,1,아이스크림  가게에서  생수 구매  했어요
C086,데이롱카페 용인상하점,1766089679,2,오다가도 딱 좋아요
C086,데이롱카페 용인상하점,1766089679,3,"무인카페는 생소했는데 주문도 쉽고 빠르게 나와서 좋네요 :)
매장 관리도 잘되어서 항상 깨끗해요~
가격도 저렴한편인데 커피도 맛있고 
마카롱, 다쿠아즈 등 디저트도 넘 맛있어서 자주가게 되네요. 
회사근처에 데이롱 카페가 생겨서 넘 좋아여~~"
C087,메가 MGC커피 용인상하쌍용점,1646624793,1,"#메가MGC커피 용인상하쌍용점
>>매장크고 테이크아웃하기에도 좋아요.
용인상하쌍용점이 생겨서 좋은 1인~~🤭"
C087,메가 MGC커피 용인상하쌍용점,1646624793,2,"라이트바닐라 아몬드라떼
굿"
C087,메가 MGC커피 용인상하쌍용점,1646624793,3,"제로부스트에이드
박카스맛?  달달한데 열량은 낮다고 해서 시켜봄
매장넓고 충전도 가능하고 좋음"
C087,메가 MGC커피 용인상하쌍용점,1646624793,4,"#메가MGC커피 용인상하쌍용점
>>2번째 방문했어요.
다행히 내가 갈땐 골목쪽에 주차할수 있는곳이 있어 편하게 주차했어요.^^
매장 크고 이곳에 메가가 생겨 좋네요.♡♡♡"
C087,메가 MGC커피 용인상하쌍용점,1646624793,5,"출근길에 오랜만에 들렸어요~~
신제품 먹으려다가
매번 자주먹던 왕할메가 한잔과 복숭아아이스티사서
발걸음 가볍게 출근했습니다~~
조만간 신제품먹으러 들려봐야겠어용ㅎㅎ"
C087,메가 MGC커피 용인상하쌍용점,1646624793,6,매장도 넓고 아늑하고 좋아요
C087,메가 MGC커피 용인상하쌍용점,1646624793,7,"#메가MGC커피 용인상하쌍용점
>>매장 큰 메가커피 지점이에요.^^👍"
C087,메가 MGC커피 용인상하쌍용점,1646624793,8,편히 있다갑니다
C087,메가 MGC커피 용인상하쌍용점,1646624793,9,역시 가성비는 메가커피죠~ 최근에 생긴 용인상하쌍용점 깨끗하고 테이블 자리가 넓어서 쾌적하네요~ 위생도 괜찮은곳~ 굿굿
C088,피크닉제이,1499668433,1,"아이 생일파티 장소를 고민하다가 피크닉제이에서 진행했는데 정말 너무 잘한것 같아요.
휴무일인데도 룸만 빌려주신 게 아니라 음료와 먹거리까지 정성껏 준비해주시고, 풍선과 파티 소품까지 세심하게 챙겨주셔서 너무 감사했습니다. 아이 친구들도 편하게 놀고 즐거워해서 보는 내내 뿌듯했어요.
요즘은 키즈카페나 프랜차이즈 식당에서 생일파티를 많이 하는데, 이번 파티는 제가 어릴 적 집으로 친구들 초대해서 생일파티하던 따뜻한 분위기가 느껴져서 더 특별했습니다. 제 아이에게도 오래 기억에 남을 소중한 생일이 되었을 것 같아요.
그리고 사장님이 직접 만드시는 두쫀쿠는 꼭 드셔보세요. 정말 정성스럽게 만드신 게 느껴지고, 가격도 합리적인데 맛은 다른 곳과 비교가 안 될 정도예요. “이게 진짜 두쫀쿠구나!” 싶을 만큼 맛있어요!"
C088,피크닉제이,1499668433,2,"요즘 그렇게 난리라는 두쫀쿠,
궁금해서 한 번 먹어봤는데요.

먹자마자 왜인지 아직 태어나지도 않은 제 아이가 떠올랐습니다…! 👶
인생 첫 디저트를 이걸로 시작하면
입맛 기준 너무 빨리 높아지는 거 아닌가요 😂

막 달지 않고 쫀득해서
아이도 너무 잘 먹을 것 같은 맛이었습니다 🍪"
C088,피크닉제이,1499668433,3,여기서 두쫀쿠는 자주 사먹었었는데 아쫀쿠가 신상으로 나와서 처음 먹어봤어요! 쫀득쿠키 맛집답게 역시나 맛있었습니다🥰
C088,피크닉제이,1499668433,4,"아이때문에 혼자오게됐는데 맥주도있네요~
간단히 한잔하기좋네요~^^"
C088,피크닉제이,1499668433,5,커피 원두를 정말 좋은걸 사용하시는 거 같아요! 향이 너무 좋아서 앞으로 테이크 아웃도 여기서 하려구요 ㅎㅎ 디저트도 직접 구우시는 거 같은데 너무 맛있어요🤍테이블마다 콘센트도 있어서 카공하기도 딱이네요~단골 예약입니당☺️
C088,피크닉제이,1499668433,6,"수제 자몽에이드 상콤하고 맛있어요:) 아메리카노도 깔끔한 맛 🫢💛 동네에 새로 생겼다해서 왔는데 분위기 넘 조코,💗💗 다음번엔 댕댕이
델꾸 와야겠오요☁️"
C088,피크닉제이,1499668433,7,"바질치킨셀러드 너무맛있어요~!
강추합니다 ♡.♡
커피도 맛있고,
숨은 맛집이네요~
자주올께요~~"
C088,피크닉제이,1499668433,8,"여러분 ,, 제가 라떼를 참말로 좋아하는데 여기서 인생라떼 만났어요ㅠㅠㅜ이렇게 꼬숩고 부드럽다고요..? 친구네 동네에 놀러왔다가 우연히 들린 카페인데 이렇게 인생라떼를 만나게 되서 행복하면서도 멀어서 너무 아쉬웠던 .. 🥹 용인 가게 되면 라떼 마시러 무조건!!!! 또 걸거에요. 저희 애기한테도 친절하게 대해주시고 서비스로 주신 쫀득쿠키 잘 먹겠습니다♥️ 사장님 제발 없어지지 마세요 …"
C088,피크닉제이,1499668433,9,"카페 분위기가 좋아요~ 음료도 넘 맛있었어요! 엄마는 외계인 쿠키 맛있어요.
인테리어도 잘 꾸며져 있어서 사진도 예쁘게 잘 나와요"
C088,피크닉제이,1499668433,10,"산책중에 들어가봤어요~ 새로 오픈하셨나봐요! 인테리어가 아늑해서 담엔 매장에서 먹어보려구요~
메론소다 시켰는데 앙증맞은 체리데코가 너무 귀여워요 ㅎㅎㅎㅎ 서비스로 주신 초코스콘도 달달해서 너무 맛있게 잘 먹었어요~! 쿠키랑 샌드위치도 맛있어보여서 다음에 꼭 먹어보려구요. 사장님도 너무 친철하세요😍"
C089,달달하당,1987582886,1,"우리동네 최고의 카페
편안한 분유기 맛있는 디저트 깔끔한 커피"
C089,달달하당,1987582886,2,"처음 왔는데 커피도 맛있구요~
디저트는 완전  쑥단호박트럼블..
👍 👍 👍 
맛나요~~^^
자주 오게 될듯요~ㅋ"
C089,달달하당,1987582886,3,즐거운 수다타임
C089,달달하당,1987582886,4,따뜻하고 사람 붐비지 않을땐 조용해서 넘좋아요.메뉴들이 예쁘고 맛있어요
C089,달달하당,1987582886,5,맛있고 따뜻하고 조용할 땐 대화하기 편해서 자주가요~
C089,달달하당,1987582886,6,만족스런 오후의 커피한잔
C089,달달하당,1987582886,7,"크리스마스 케익 예약 구매했는데 맛있습니다.
타르트라 케익 안 좋아하시는 부모님께서도 맛있게 드셨어요."
C089,달달하당,1987582886,8,디저트 샌드위치 크로크무슈 다 맛있고 음료도 맛있고 쿠폰적립도 좋아요
C089,달달하당,1987582886,9,레몬차 많이마셨는데 대추차도 맛있네요
C089,달달하당,1987582886,10,시원하게 커피한잔
C091,컴포즈커피 용인상하점,1660770367,1,"더워지는 요즘 들어가서 한잔하기 딱 좋아요
음료도 바로 나와요"
C091,컴포즈커피 용인상하점,1660770367,2,"올데이오트~
굿"
C091,컴포즈커피 용인상하점,1660770367,3,"아인슈페너라떼
너무 맛있어요
달달한거 먹고 싶을때 좋아요"
C091,컴포즈커피 용인상하점,1660770367,4,너티크림라떼
C091,컴포즈커피 용인상하점,1660770367,5,"달달한거 생각날때 
딱 좋아요"
C091,컴포즈커피 용인상하점,1660770367,6,바닐라크림라떼
C091,컴포즈커피 용인상하점,1660770367,7,어센틱말차라떼
C091,컴포즈커피 용인상하점,1660770367,8,샷추가 좋아요
C091,컴포즈커피 용인상하점,1660770367,9,에어레이팅꿀말차
C091,컴포즈커피 용인상하점,1660770367,10,패쓰오더로 여기서 주문 가능하면 편리하겠어요!
C092,상하커피,1640592190,1,"어머
무인카페인데 너무 예쁘고 깔끔하네요
아파트단지내에 있어서 이용하기도 편하고 
분위기가 좋아요
사장님도 너무 친절하십니다"
C093,더노벰버라운지 기흥점,2036467628,1,"부모님과 동생과 함께 정보없이 온 카페!! wow!!!
입구부터 감각적인 곳! 들어가자마자 행복지수 Up!!!
인테리어가...미침!!  모던과 빈티지와 예술과 조명 & 뮤직..모든게 완벽하네요! 뉴욕의 느낌이 나는건 나만의 생각일까??? 알리오올리오와 매콤 크림 리조또 아아 너무 맛있네요!!!! 가격도 좋고:) 다시 아들과 함께 오고픈 예술이 묻어나는 감각적인 카페!! 네요! 행복한 오후의 시작!"
C093,더노벰버라운지 기흥점,2036467628,2,"🐥갈릭크림치즈소금빵 완전 추천!!!!! 전자레인지 30초정도 돌리면 치즈 적당히 녹고 너무너무 맛있어요 여기서먹었던 디저트중 제일 맛있어용 ! 마늘빵 좋아하시면 무조건 드세용
🐥아메리카노 항상 산미없어서 좋아용
🐥음료, 베이커리, 음식 다 팔고 아 심지어 맥주도 팔아용 화장실도 안에있고 새벽까지 운영해서 하루종일있기가능

📍아메리카노: 6,000원
📍갈릭크림치즈소금빵: 4,500원

🚻 매장 안 2층 / 남녀구분
🅿️ 매장 앞 주차장"
C093,더노벰버라운지 기흥점,2036467628,3,"집 근처, 24시간 영업하는 카페 방문! 매장이 진짜 넓고 영업도 24시간이라서 공부하거나 작업하기 좋은 거 같아요! 주문은 키오스크로 가능! 커피는 깔끔하고 에이드도 쏘쏘, 명란마요소금빵은 생각보다 명란 맛이 많이 나지 않아 아쉬웠어요🥲🥲 그래도 다음에 밤 늦게 갈 카페 가야한다면 재방문 의사 있음!"
C093,더노벰버라운지 기흥점,2036467628,4,"🐥1층은 자유로운 분위기, 2층은 공부 분위기로 구역이 나눠져서 좋아요!!!
🐥맥주도 팔던데 다음엔 맥주 먹어보고싶어요~
🐥여기 아메리카노 마실때마다 항상 맛있게 먹어요!! 
🐥밀크티 따뜻한거시켰는데 파랑새같은 라떼아트~

📍아메리카노: 6,000원
📍밀크티: 7,000원

🅿️ 매장 앞 주차장 / 자리많아요
🚻 2층에 남녀구분"
C093,더노벰버라운지 기흥점,2036467628,5,"와우~ 규모도 크도 실내 분위기도 차분하고 완전 좋았어요

텀블러 지참시 30%할인되서 완전 좋아요
음료도 맛있었고, 케익도 최고^^"
C093,더노벰버라운지 기흥점,2036467628,6,"🐭본인 마음속 1위 카페
🐁멀지만 자주가는 곳
🐁1층 대화분위기 2층 공부분위기라 아무때나 와도 좋은곳
🐁주차자리 매우 많음
🐁브런치도 이제 파는것 같더라구요
🐁무려 24시간이라 밤샘 작업하기 딱 좋을듯"
C093,더노벰버라운지 기흥점,2036467628,7,커피 한 잔 하면서 대화 나누기도 좋고 작업하기에도 좋은 카페 더 노벰버 라운지 다녀왔어요:) 공간도 넓고 좌석이 편해서 머무는동안 만족스러웠어요! 브런치나 디저트로 먹기 좋은 빵 종류도 다양하게 준비되어 있어요. 동네 카페로 앞으로 자주 이용할거 같아요ㅎㅎ
C093,더노벰버라운지 기흥점,2036467628,8,"분위기가 너무 좋아요♡ 분위기에 반했는데 음식 맛에 한 번 더 반했어요ㅎㅎ
진심 맛있어요ㅋ 정말 다~ 맛있어요! 쉐프님 쵝오👍👍 가격도 너무 합리적이에요~
커피향도 맛도 굿굿~ 자리도 하나하나 마음에 들고 넓어요ㅎ 간만에 힐링하고 갑니다🫡"
C093,더노벰버라운지 기흥점,2036467628,9,"용인에 베이커리 카페로 왔어용 ㅎㅎ
축구도 보고 주차도 넓고 분위기가 너무 좋네용 다들 와보세용 히히 ❤️❤️"
C093,더노벰버라운지 기흥점,2036467628,10,"더노벰버라운지 기흥점 방문했는데 매장이 넓고 쾌적해서 편하게 쉬기 좋네요. 체다토마토와 인절미 페스츄리 꽈배기는 고소하고 바삭해서 별미이고, 신선한 케일킹 음료와도 잘 어울립니다. 상하동 근처에서 여유롭게 브런치 즐기기 좋은 카페로 추천하며 재방문 의사 있습니다."
C095,레디쉬드롭,1655601903,1,"음료도 맛있고 사진찍기도 좋았어여^^
분위기도 괜찮고 이야기나누기에도 좋아요.

반려동물도 같이 갈 수 있는거 같아요~"
C095,레디쉬드롭,1655601903,2,"자주 찾는 카페입니다.
분위기 좋고 사장님 친절하시고 커피 및 다른 음료도 맛있습니다. 특히 말차라떼는 더욱더 좋습니다.
카페가 앞으로도 계속 잘됐으면 좋겠고 앞으로의 신메뉴도 기대가 되는 카페입니다."
C095,레디쉬드롭,1655601903,3,"기흥에서 만날수 있었던 힐링공간
왜 여지껏 몰랐을까요
공간도 매력적이고 커피도 맛있었고 디저트도 낫베드더라구요
편하게 시간보내고 오기 좋은듯 해요~ ㅎ"
C095,레디쉬드롭,1655601903,4,"분위기 넘 좋아요^^
시그니처 도넛라떼♡
넘 맛있어요~♡
말해뭐해~  꼭!
드셔보세요^^
빵두!
부드러우면서 꺄~ 
넘 맛있어요
폭탄티라미슈♡
강추합니다
살살녹아요♡
사장님!
엄청 친절하세요~^^~
담에 또 와야겠어요~♡"
C095,레디쉬드롭,1655601903,5,큐브라떼 맛있어요!  집중하기좋고 주일저녁 아이와 함께 각자할일하러 왔는데 좋네요~ 집근처에 있어 더 좋네요^^
C095,레디쉬드롭,1655601903,6,음악 소리도 차분하고 카페 분위기가 너무 아늑해서 좋아요! 커피 원두도 원하는 걸로 고를 수 있고 맛있네요 ㅎㅎ
C095,레디쉬드롭,1655601903,7,커피가 너무너무 맛있어요~^^
C095,레디쉬드롭,1655601903,8,커피 고소하고 맛있어옹 사장님듀 넘 친절..ㅎㅎ
C095,레디쉬드롭,1655601903,9,"오늘은 딸래미랑 메뉴가 바뀌었네요
아아만 마셨었는데 딸램좋아하는 바닐라라떼를 먹어봤어요
역시 다른커피도 맛나네요"
C095,레디쉬드롭,1655601903,10,커피랑 케이크랑 맛있는곳
C096,카페베레카,1162393198,1,친절하고 동네에 이런 카페가 있어서 대화하기도 좋습니다.
C096,카페베레카,1162393198,2,말포카토 첫경험
C096,카페베레카,1162393198,3,"눈오는날 따뜻한 차
레몬생강허니티 좋네요"
C096,카페베레카,1162393198,4,레몬생강허니티 맛있네요
C096,카페베레카,1162393198,5,친절합니다
C096,카페베레카,1162393198,6,분위기좋아요
C097,카페그라시아,1084322132,1,"마음이 따뜻해지는 곳이에요
여기 있는 분들은 다 천사인거 같아요"
C097,카페그라시아,1084322132,2,첫매문 교육  받으러옴 ..선생님들 넘 진절 하고 .넘좋아요 ^^짱입니다 .👍
C097,카페그라시아,1084322132,3,병원안에서 이용할수 있어 좋아요
C097,카페그라시아,1084322132,4,"너무 맛있어요 커피 ㅠㅠ
아이스 바닐라 라떼 강추
진짜 진한 바닐라맛을 느낄수있어요 🥰"
C097,카페그라시아,1084322132,5,커피 맛집~~
C097,카페그라시아,1084322132,6,☕️👍🏻👍🏻👍🏻👍🏻👍🏻
C097,카페그라시아,1084322132,7,커피맛집👍🏻☕️😘🤗😋
C097,카페그라시아,1084322132,8,점심공용식 넘 맛있게 잘먹었습니다 감사해여🙏💕👍
C098,용인 애견 카페 용인 애견운동장 멍스퀘어,1629901755,1,"가까운곳에 이런 공간이 있다는걸 이제서야 알았습니다
다견이고 중형견들이라서 저희에게 너무 딱인 장소였어요
무인으로 운영되었지만 관리는 잘되고 있는듯합니다 
넓고 깨끗하고 간식거리들도 있고 독립적인 공간이라 너무 좋습니다"
C098,용인 애견 카페 용인 애견운동장 멍스퀘어,1629901755,2,"너무 좋아서 자주 이용하고 있어요 ㅎㅎ
항상 너무 잘 놀다갑니다!!!!!!!! ♡"
C098,용인 애견 카페 용인 애견운동장 멍스퀘어,1629901755,3,"오랜만에 방문했어요! 여전히 깔끔하게 유지되고 있더라구요!
너무너무 재밌게 뛰어놀았어요😁"
C098,용인 애견 카페 용인 애견운동장 멍스퀘어,1629901755,4,"이번에는 대운동장을 예약해서 재방문했어요~!
연말이라 실내에 포토존이 예쁘게 꾸며져 있어서 사진 찍기 좋았습니다.

운동장은 소형견 두 마리가 뛰어놀기에도 넉넉해서 좋았습니다~🐶🐶💕

무인으로 운영되는 곳이라 처음엔 관리가 걱정됐는데, 생각보다 깔끔하게 잘 유지되고 있었어요!

출출하면 키오스크로 간편하게 결제하고, 간식도 사먹었어요. 역시 야외에서 먹는 한강라면은 항상 맛있네요!

⭐️쓰레기는 실내에 있는 봉투에 모아 두었다가, 이용 시간이 끝나면 나갈 때 외부 쓰레기통에 버리면 됩니다."
C098,용인 애견 카페 용인 애견운동장 멍스퀘어,1629901755,5,"소중한리뷰 감사드립니다❤️
아이들이 신나게 뛰는 모습이 너무 이쁘네요🥰
앞으로도 자주 방문 부탁드립니다!!"
C098,용인 애견 카페 용인 애견운동장 멍스퀘어,1629901755,6,"오늘도 뜨거운 한강라면 덕분에 밖에서 추위를 조금은 녹일 수 있었네요👍🏻
아가들만 좋아한다면 추위쯤이야....🥶🥶🥶
핫팩도 사용할 수 있게 배치되어있어서 좋았어용ㅎㅎ
그리고 항상 갈 때마다 운동장이 깨끗해서 만족합니다✨
다음에 또 갈게용!!!!"
C098,용인 애견 카페 용인 애견운동장 멍스퀘어,1629901755,7,"소중한리뷰 감사드립니다❤️
추운 날씨에도 자주 방문해주셔서 너무 감사해요!
아이들과 행복한시간이 될 수 있도록 언제나 깨끗하게 관리에 신경쓰겠습니다🥰"
C098,용인 애견 카페 용인 애견운동장 멍스퀘어,1629901755,8,"다견가정이라 단독 공간이 너무 좋아요
진정한 힐링공간입니다
항상 청결히 관리잘되고 힌강라면도 맛있어요^^"
C098,용인 애견 카페 용인 애견운동장 멍스퀘어,1629901755,9,"저녁에 놀러오는건 처음인데, 너무 예쁘네요 ㅎㅎ
아가들도 신나게 뛰어놀고 너무 좋아해요!!!!!!!
너무 잘 이용하고 있습니다 :)!!!!"
C098,용인 애견 카페 용인 애견운동장 멍스퀘어,1629901755,10,"오늘도 신나게 뛰뛰🐶🐶💛
한강라면은 늘 맛있네요!!!"
C098,용인 애견 카페 용인 애견운동장 멍스퀘어,1629901755,11,깔끔하고 프라이빗하게 즐거운시간보낼수있어 좋아요 ㅋ
C098,용인 애견 카페 용인 애견운동장 멍스퀘어,1629901755,12,"실 방문만 거의 10번째 되는 거 같아요🐶
용인점이 가장 깨끗한 편이고 프라이빗해서 너무 좋아요!
한강라면도 갈 때마다 먹는데 맛있어요🤤🤤
소운동장만 이용하다가 대운동장 가니까 애들이 더 잘 뛰어놀아서 앞으로는 대운동장으로만 가야겠어요👍🏻
다음주에 또 갈 예정>_<!!!!✨"
C098,용인 애견 카페 용인 애견운동장 멍스퀘어,1629901755,13,"소중한리뷰 감사드립니다 🥰
항상 만족하실 수 있도록 깨끗하게 관리 하겠습니다!!
혹시라도 부족한부분 있다면 언제든 말씀해주세요
감사합니다❤️"
C098,용인 애견 카페 용인 애견운동장 멍스퀘어,1629901755,14,"소중한리뷰 감사드립니다💗
앞으로도 자주 방문 부탁드려요:)"
C098,용인 애견 카페 용인 애견운동장 멍스퀘어,1629901755,15,소중한 리뷰 감사드립니다💗 앞으로도 자주 방문 부탁드려요😘
C099,카페봄,2094292442,1,"고기 먹고
산책하다가 들른 카페 봄!!
예쁜 꽃들이 한가득이예요~~
지난번에도 넘 오붓하게 좋은 시간보내고 왔던 기억이 있어서 오늘 친구들과 또 갔어요~~
커피도 맛있고,
2층에서 이야기 나누기 좋아요~~!!!
2층에 가려면 바깥으로 나가서 올라가야해요~날씨가 좋아서 편하게 이용했어요~~"
C099,카페봄,2094292442,2,"수원은 처음이라,지나가다가 끌리는대로ㅎㅎ
산밑에 자리하고 있는 곳이라 와봤어요.
커피맛 무난하고,늦은오후라 조용하고,
확실히 산밑이라 그런지 춥습니다ㅎㅎ"
C099,카페봄,2094292442,3,"인테리어가 멋져요. 커피향도 은은하고~~
블루레몬아이스 상콤달콤~~
차한잔 마시고 힐링하기 정말 좋은 공간이에요~~"
C099,카페봄,2094292442,4,"불멍카페 
장작을 이중연소 화로대에 세워둔 채로 소량씩 넣었더니
바짝 말라서 그을음 없이 잘 타네요
지인과 오랜만에 담소 나누며 즐거운 불멍이였습니다
커피도 맛있네요

혼자 책 읽거나 생각 정리할 때 가기 좋은 곳
지인과 대화하기 편한 곳 같아서
자주 갈 거 같아요^^"
C099,카페봄,2094292442,5,"조용하고 자리가 편한 카페를 찾다 어렵게 찾아간 카페봄.
드디어 찾았네요.
불멍하기 좋고 분위기며 의자도 너무 편해서 무조건 또 갈렵니다.
사장님도 너무 친절하시고 이런곳 찾기가 힘든데 득템이랄까?
너무좋은시간 보내고 갑니다.
감사합니다"
C099,카페봄,2094292442,6,"불멍하려고 아이들이랑 방문했어요!
분위기 너무좋고 쥬차하기도 좋아요~~ 
근처 불멍 많이 다녀봤는데~ 깔끔하고 접근성좋고, 음료도 너무맛있어요~~
봄라떼 추천이예요♡ 
케익도 허니브레드도 맛있어서 순삭했어요~~
따뜻하게 불멍할수 있어서 좋았어요~~"
C099,카페봄,2094292442,7,"한적한 장소에 조용한 카페라 마음에 드네요. 
사장님도 친절하시고 커피 맛도 좋고
 자주 와야겠어요. ^^"
C099,카페봄,2094292442,8,"오랜만에 온 카페봄 ~~
여전히 방긋 맞아주신 사장님~^^
기분좋은 울동네 커피맛집~~~~♡
좋은 사람과 함께~
행복한 오후 한때를 보내기 좋은곳!!^^"
C099,카페봄,2094292442,9,친절하시고 따스한 봄처럼 분위기 좋아요
C099,카페봄,2094292442,10,"날이추워져 아이들과 캠핑을 가지못했는데  불멍이 하고싶다는 사춘기 딸과 방문했어요
카페에가도 핸드폰만 보던 딸이었는데 특별한 공간 덕분에 숲 바로 앞에 앉아 불멍을하며 이런저런 얘기할수있어 행복한 시간이었습니다
커피도 원두가 좋은지 맛도 좋고 가격이 진짜 저렴해서 계산하면서 놀랐어요
자주 방문할 예정입니다👍"
C100,카페인24 용인써니밸리점,1136877706,1,집 앞에 생겨 산책시 아내와 꼭 들리는 곳! 매우 만족!!
